name,hex,zh-hans
100 Mph,#c93f38,时速100迈
20000 Leagues Under the Sea,#191970,海底两万里
24 Carrot,#e56e24,24胡萝卜/二十四胡萝卜
24 Karat,#dfc685,24克拉/二十四克拉
3AM in Shibuya,#225577,涩谷凌晨3点
3am Latte,#c0a98e,凌晨三点拿铁
8 Bit Eggplant,#990066,8比特茄子
A Dime a Dozen,#d3dde4,一毛一打
À L’Orange,#f2850d,橙色
A Smell of Bakery,#f3e9d9,面包房的味道
A State of Mint,#88ffcc,薄荷之境
Abandoned Spaceship,#747a8a,被遗弃的飞船
Abloom,#f1cbcd,绽放
Abyssal,#404c57,深渊
Abyssal Waters,#005765,深渊水域
Acapulco Dive,#65a7dd,阿卡普尔科潜水
Acid,#00ff22,酸
Acid Green,#8ffe09,酸性绿
Acorn,#7f5e50,橡子色
Acoustic Brown,#766b69,声褐
Active Volcano,#bb1133,活火山
Admiral Blue,#50647f,海军上将蓝
Adrift on the Nile,#93b8e3,尼罗河漂流记
After Midnight,#38393f,午夜之后
After the Storm,#33616a,暴风雨之后
Aged Antics,#886b2e,老态龙钟
Agressive Aqua,#00fbff,进取的水叮当
Ahoy! Blue,#0082a1,阿霍伊 蓝色
Air-Kiss,#f6dcd2,空中之吻
Airborne,#a2c2d0,空降
Akari Red,#c90b42,赤红
Alarm,#ec0003,警报
Alaska,#dadad1,阿拉斯加
Alien Abduction,#0cff0c,异形绑架
Alienated,#00cc55,异化
Alley Cat,#656874,巷猫
Alligator,#886600,鳄鱼
Almond,#eddcc8,杏仁
Almond Milk,#d2c9b8,杏仁露
Aloe Tip,#8a9480,芦荟尖
Aloe Vera,#678779,芦荟
Alone in the Dark,#000066,黑暗中的孤独
Alpaca,#f7e5da,羊驼
Alpine Expedition,#99eeff,高山探险
Aluminium,#848789,铝
Always Green Grass,#11aa00,绿草如茵
Amaretto,#ab6f60,阿玛雷托
Amaretto Sour,#c09856,酸味阿玛雷托
Amazon,#387b54,亚马逊
Amber,#ffbf00,琥珀
Ambrosia,#c6e1bc,安布罗西亚
Ambrosial Oceanside,#47ae9c,海滨琥珀
Amnesiac White,#f8fbeb,失忆白
Amor,#ee3377,阿莫尔
Amora Purple,#bb22aa,Amora 紫
Amore,#ae2f48,爱茉莉
Anarchist,#db304a,无政府主义者
Anchovy,#756f6b,鳀鱼
Ancient Pine,#444b43,古松
Ancient Scroll,#f0e4d1,古代卷轴
Andromeda Blue,#abcdee,仙女座蓝
Angel Wing,#f3dfd7,天使之翼
Angel’s Trumpet,#f6dd34,天使号角
Angelic White,#f4ede4,天使之白
Anger,#dd0055,愤怒
Angry Flamingo,#f04e45,愤怒的火烈鸟
Angry Ghost,#eebbbb,愤怒的幽灵
Angry Pasta,#ffcc55,愤怒的意大利面
Angry Tomato,#d82029,愤怒的番茄
Animal Kingdom,#bcc09e,动物王国
Anime Blush,#ff7a83,动漫腮红
Anise Biscotti,#c0baaf,大茴香饼干
Anna Banana,#f5d547,安娜香蕉
Annatto,#8c5341,胭脂红
Another One Bites the Dust,#c7bba4,又一朵花开
Antarctic Love,#eddee6,南极之恋
Anthracite,#28282d,无烟煤
Antique,#8b846d,古铜色
Antique Brass,#6c461f,古铜色
Antique Port Wine,#98211a,古董波特酒
Aphrodisiac,#e35a63,春药
Aphrodite Aqua,#45e9c1,阿芙罗狄蒂水叮当
Aphroditean Fuchsia,#dd14ab,阿佛洛狄忒紫红色
Apocalyptic Orange,#f4711e,启示录橙色
Apollo Landing,#e5e5e1,阿波罗登陆
Apple Cherry,#f81404,苹果樱桃
Apricot,#ffb16d,杏
Apricot Freeze,#f3cfb7,杏冻
Apricot Haze,#ffaaaa,杏雾
Apricot Sherbet,#fbcd9f,杏雪糕
Apricotta,#d8a48f,杏桃
April Showers,#dadeb5,四月阵雨
Aqua,#00ffff,水叮当
Aqua Fiesta,#96e2e1,水蓝色嘉年华
Aquamarine,#2ee8bb,水叮当
Aquarius,#2db0ce,水瓶座
Aquatic Edge,#bfd6d1,水之缘
Arabica Mint,#c0ffee,阿拉伯薄荷
Arancio,#ff7013,阿兰奇奥
Arcade Fire,#ee3311,拱廊之火
Arcane Red,#6a2f2f,凯旋红
Archeology,#6e6a5e,考古学
Arctic,#648589,北极
Arctic Ice,#b6bdd0,北极冰
Arctic Water,#00fcfc,北极水
Argan Oil,#9d6646,摩洛哥坚果油
Argent,#888888,阿尔根
Argento,#cecac3,阿根托
Ariel,#aed7ea,阿里尔
Aristocratic Velvet,#980b4a,贵族丝绒
Armadillo,#484a46,犰狳
Armor,#74857f,铠甲
Aromatic Herbs,#98c945,芳香草药
Around the Gills,#a1b670,腮部周围
Arrowwood,#b3861e,箭毒
Artichoke,#8f9779,朝鲜蓟
Artisans Gold,#f2ab46,工匠之金
Artist’s Charcoal,#37393e,艺术家木炭
Arugula,#75ad5b,芝麻菜
Ash,#bebaa7,灰烬
Ashes to Ashes,#bbb3a2,灰烬灰烬
Asian Spice,#118822,亚洲香料
Asparagus,#77ab56,芦笋
Asphalt,#130a06,沥青
Assassin,#2d4f83,刺客
Assassin’s Red,#f60206,刺客红
Aster,#867ba9,紫苑
Astral,#376f89,琥珀
Atlantic Navy,#13336f,大西洋海军
Atlantis,#336172,亚特兰蒂斯
Atlas Cedar,#5ca0a7,阿特拉斯雪松色
Atomic Lime,#b9ff03,原子石灰
Atomic Orange,#f88605,原子橙
Atomic Pink,#fb7efd,原子粉红
Atomic Tangerine,#ff9966,原子橘
Aubergine,#372528,茄子色
Augustus Asparagus,#90aa0b,奥古斯都芦笋色
Aurora,#ebd147,极光
Autumn Crocodile,#447744,秋鳄鱼
Autumn Fire,#c44e4f,秋之火
Autumn Gold,#7d623c,秋之金
Autumnal,#ad5928,秋色
Avant-Garde Pink,#ff77ee,前卫粉红
Avocado,#568203,鳄梨色
Avocado Stone,#4e3e1f,鳄梨石
Award Winning White,#fef0de,获奖白
Awkward Purple,#d208cc,尴尬紫
Ayahuasca Vine,#665500,青藤
Aztec,#293432,阿兹台克
Aztec Temple,#84705b,阿兹台克神庙
Aztec Warrior,#bb0066,阿兹台克勇士
Azulado,#211d49,阿祖拉多
Azure,#007fff,蔚蓝
Baba Ganoush,#eebb88,巴巴-加努什
Babe,#dc7b7c,宝贝
Baby Bear,#6f5944,熊宝宝
Baby Blue,#a2cffe,蓝色宝贝
Baby Pink,#ffb7ce,粉红宝贝
Back In Black,#16141c,黑色后背
Backyard,#879877,后院
Bacon Strips,#df3f32,培根条
Badass Grass,#b4da55,坏草
Baker’s Bread,#d0b393,面包师的面包
Baker’s Dream,#c98f70,面包师的梦想
Bakery Brown,#ab9078,棕色面包
Baklava,#efb435,面包屑
Ballerina,#f2cfdc,芭蕾舞者
Ballet,#f7d5d4,芭蕾舞
Ballet Slippers,#fca2ad,芭蕾舞鞋
Balsamico,#130d07,巴萨米科
Baltic,#279d9f,波罗的海
Baltic Amber,#fbb782,波罗的海琥珀
Bambino,#8edacc,斑比诺
Bamboo Forest,#b1a979,竹林
Banan-appeal,#faf3a6,香蕉风味
Banana,#fffc79,香蕉
Banana Bandanna,#f8f739,香蕉手帕
Banana Bombshell,#f7e82e,香蕉炸弹
Banana Bread,#ffcf73,香蕉面包
Banana Brick,#e8d82c,香蕉砖
Banana Cream,#fff49c,香蕉奶油
Banana Drama,#f1d548,香蕉戏剧
Banana Flash,#eefe02,香蕉闪光
Banana Frappé,#ddd5b6,香蕉冰激凌
Banana King,#fffb08,香蕉王
Banana Mania,#fbe7b2,香蕉狂热
Banana Milk,#fff7ad,香蕉牛奶
Banana Pepper,#fdd630,香蕉胡椒
Banana Propaganda,#f3db00,香蕉宣传
Banana Republic,#ffe292,香蕉共和国
Banana Split,#f7eec8,香蕉分割
Bancha,#666a47,班查
Bane of Royalty,#871466,皇室的祸根
Bangalore,#bbaa88,班加罗尔
Bank Vault,#757374,银行金库
Banner Gold,#a28557,班纳金
Barbara,#ff0ff3,芭芭拉
Barbarossa,#a84734,巴巴罗萨
Barbecue,#c26157,烧烤
Barbera,#8b031c,巴贝拉
Barberry,#ee1133,巴伯利
Bark,#5f5854,树皮
Barolo,#71000e,巴罗洛
Barrel Aged,#8b6945,橡木桶陈酿
Basil,#879f84,罗勒
Basil Smash,#b7e1a1,罗勒粉碎
Basketball,#ee6730,篮球
Basswood Green,#839e83,绿色椴木
Bat Wing,#7e7466,蝙蝠翼
Bat-Signal,#feff00,蝙蝠信号
Bat’s Blood Soup,#ee3366,蝙蝠血汤
Bath Bubbles,#e6f2ea,沐浴泡泡
Bath Water,#88eeee,洗澡水
Batman,#656e72,蝙蝠侠
Bats Cloak,#1f1518,蝙蝠斗篷
Battletoad,#11cc55,蝙蝠蟾蜍
Bavarian Green,#749a54,巴伐利亚绿
Bay,#b3e2d3,海湾
Bay View,#6a819e,海湾景观
Beach Dune,#c6bb9c,海滩沙丘
Beach Glass,#96dfce,海滩玻璃
Beach View,#4f7694,海滩景观
Beaches of Cancun,#fbedd7,坎昆海滩
Bear Hug,#796359,熊抱
Beat Around the Bush,#6e6a44,嬉戏丛林
Beau Monde,#7db39e,美丽世界
Beau Vert,#0c6064,美丽的黑暗
Beautiful Darkness,#686d70,美丽的黑暗
Beauty and the Beach,#c99680,美女与海滩
Béchamel,#f4eee0,贝沙梅尔
Becquerel,#4bec13,贝克勒
Bee Yellow,#feff32,蜜蜂黄
Beekeeper,#f6e491,养蜂人
Beer,#fcaa12,啤酒
Beeswax,#e9d7ab,蜂蜡
Beet Red,#7e203f,甜菜红
Beetroot Purple,#d33376,甜菜根紫
Begonia,#fa6e79,海棠色
Beige,#e6daa6,米色
Beige and Sage,#bbc199,米色和鼠尾草色
Bejewelled,#25a26f,珠宝色
Belgian Waffle,#f3dfb6,比利时华夫饼
Bell Tower,#dad0bb,钟塔
Belladonna,#220011,贝拉多娜
Bellflower,#5d66aa,贝拉多娜
Bellini,#f4c9b1,贝利尼
Beloved Sunflower,#ffba24,心爱的向日葵
Below the Surface,#0a2f7c,低于表面
Below Zero,#87cded,零下
Beluga,#eff2f1,白鲸
Benevolent Pink,#dd1188,本色粉红
Bengal,#cc974d,孟加拉文
Bento Box,#cc363c,便当盒
Berber,#d8cfb6,柏柏尔
Bergamot,#95c703,佛手柑
Bermuda,#1b7d8d,百慕大群岛
Bermuda Grass,#a19f79,百慕大草
Bermuda Onion,#9d5a8f,百慕大洋葱
Berries n Cream,#f2b8ca,浆果奶油
Berry,#990f4b,浆果
Berry Blast,#ff017f,浆果爆炸
Berry Butter,#efcedc,浆果黄油
Berry Good,#edc3c5,浆果果酱
Berry Jam,#655883,浆果果酱
Berrylicious,#d75e6c,莓果美味
Bethlehem Superstar,#eaeeda,伯利恒超级明星
Beurre Blanc,#ede1be,白葡萄酒
Beveled Glass,#7accb8,斜面玻璃
Beyond the Pines,#688049,超越松树
Beyond the Stars,#0a3251,超越星空
Bianca,#f4efe0,比安卡
Big Bang Pink,#ff0099,粉红大爆炸
Big Fish to Fry,#dadbe1,大鱼大肉
Big Spender,#acddaf,大手笔
Big Yellow Taxi,#ffff33,大黄出租车
Bigfoot,#715145,大脚
Billiard,#00af9f,台球
Bindi Red,#b0003c,宾迪红
Biohazard Suit,#fbfb4c,生化危机
BioShock,#889900,生化冲击
Birch White,#f6eedf,桦树白
Bird Bath Blue,#cddfe7,鸟浴蓝
Biscuit,#feedca,饼干
Biscuit Dough,#e8dbbd,饼干面团
Bison,#6e4f3a,野牛
Bisque,#ffe4c4,浓汤
Bite My Tongue,#d47d72,咬我的舌头
Bitter Chocolate,#4f2923,苦巧克力
Bitter Lemon,#d2db32,苦柠檬
Bitter Liquorice,#262926,苦甘草
Bitter Melon,#cfd1b2,苦瓜
Bittersweet,#fea051,苦甜
Black,#000000,黑
Black Box,#0f282f,黑盒子
Black Cherry,#2c1620,黑樱桃
Black Chocolate,#441100,黑巧克力
Black Forest,#5e6354,黑森林
Black Hole,#010203,黑洞
Black Knight,#010b13,黑骑士
Black Magic,#4f4554,黑魔法
Black Mana,#858585,黑色法力
Black Metal,#060606,黑金属
Black Olive,#3b3c36,黑橄榄
Black Orchid,#525463,黑兰花
Black Out,#222222,黑夜
Black Panther,#424242,黑豹
Black Pearl,#1e272c,黑珍珠
Black Power,#654b37,黑色力量
Black Sabbath,#220022,黑色安息日
Black Sea Night,#052462,黑海之夜
Black Sheep,#0f0d0d,黑羊
Black Stallion,#0e191c,黑骏马
Black Truffle,#463d3e,黑松露
Black Turmeric,#2c4364,黑姜黄
Black Velvet,#222233,黑天鹅绒
Black Wash,#0c0c0c,黑水洗
Blackberry,#43182f,黑莓
Blackberry Yogurt,#e5bddf,黑莓酸奶
Blackn’t,#020f03,黑莓酸奶
Blackout,#0e0702,黑风
Blackwater,#545663,黑水
Blanc Cassé,#f1eee2,卡塞白
Blanco,#ebeae5,布兰科
Blank Canvas,#ffefd6,空白帆布
Blank Stare,#8b9cac,空白凝视
Blasphemous Blue,#3356aa,亵渎之蓝
Blazing Dragonfruit,#ff0054,炽热火龙果
Bleached Olive,#55bb88,漂白橄榄
Bleached Sunflower,#fbe8a8,漂白向日葵
Bleeding Crimson,#9b1414,出血深红
Bleeding Heart,#c02e4c,出血之心
Bleu Ciel,#007ba1,蓝天
Blinking Terminal,#66cc00,闪烁终端
Blissful Serenity,#eaeed8,幸福宁静
Blister Pearl,#aaffee,水泡珍珠
Blizzard Blue,#a3e3ed,暴风雪蓝
Blond,#faf0be,金色
Blood Brother,#770011,血兄弟
Blood Burst,#ff474c,爆血
Blood Donor,#ea1822,献血者
Blood Kiss,#c30b0a,血吻
Blood Orange,#d1001c,血橙
Blood Rush,#aa2222,热血
Bloodhound,#bb5511,猎血犬
Bloodsport,#b52f3a,血液运动
Bloodthirsty,#880011,嗜血
Bloodthirsty Beige,#f8d7d0,嗜血米色
Bloodthirsty Lips,#c6101e,嗜血嘴唇
Bloody Mary,#ba0105,血腥玛丽
Bloody Salmon,#cc4433,血色三文鱼
Blossom,#fee9d8,花开
Blossoming Dynasty,#de5346,花开王朝
Blowing Kisses,#f6dee0,吹吻
Blue,#0000ff,蓝色
Blue Bay,#619ad6,蓝湾
Blue Bell,#88afd3,蓝色钟声
Blue Bikini,#00bbee,蓝色比基尼
Blue Blood,#6b7f81,蓝色血液
Blue Bobbin,#52b4ca,蓝色梭子鱼
Blue Chip,#1d5699,蓝色芯片
Blue Eye Samurai,#75aebd,蓝眼武士
Blue Haze,#bdbace,蓝雾
Blue Hour,#0034ab,蓝色时光
Blue Lips,#a6bce2,蓝色嘴唇
Blue Mana,#68c2f5,蓝色玛娜
Blue Martini,#52b4d3,蓝色马天尼
Blue Moon,#3992a8,蓝月亮
Blue Overdose,#0020ef,蓝色过量
Blue Ribbon,#0066ff,蓝色丝带
Blue Screen of Death,#0033bb,蓝色死亡之屏
Blue Silk,#d0dce8,蓝色丝绸
Blue Triumph,#4376ab,蓝色凯旋
Blue Velvet,#0d6183,蓝色天鹅绒
Blue Whale,#1e3442,蓝鲸
Bluebell,#333399,蓝铃
Blueberry,#464196,蓝莓
Bluebonnet,#1c1cf0,蓝花楹
Bluerocratic,#1f66ff,蓝贵族
Blues White Shoes,#99badd,蓝调白鞋
Bluetiful,#3c69e7,蓝调
Blush Bomb,#dd99aa,腮红炸弹
Blush d’Amour,#de5d83,胭脂之爱
Blush Kiss,#eabcc0,腮红之吻
Blush Rush,#f0bcbe,腮红热潮
Blushing Cinnamon,#ffbf99,肉桂腮红
Blushing Coconut,#ebd5ca,胭脂椰子
Blushing Rose,#e09b81,胭脂玫瑰
Blushing Sky,#d9b1d6,胭脂天空
Blustering Blue,#4411ff,蔚蓝
Boa,#7f7755,蟒蛇蓝
Bohemian Blue,#0000aa,波希米亚蓝
Boho Blush,#e58787,波希米亚胭脂红
Boho Copper,#b96033,波希米亚铜
Boiling Magma,#ff3300,沸腾岩浆
Bok Choy,#bccab3,大白菜色
Bold Irish,#2a814d,大胆爱尔兰
Bollywood Gold,#fffbab,宝莱坞金
Bolognese,#bb4400,肉酱
Bone,#e0d7c6,骨汤
Bone-Chilling,#e1f2f0,篝火晚会
Bonfire,#f78058,篝火
Bonne Nuit,#3a4866,美好的夜晚
Bonsai,#787b54,盆景
Bonsai Garden,#9e9e7c,盆景园
Bookworm,#ebe3de,书虫
Bordeaux,#7b002c,波尔多
Borderline Pink,#ee1166,边境粉红
Borlotti Bean,#d9b1aa,波罗的海豆
Botanical,#4d6e2f,植物园
Botanical Garden,#44aa11,植物园
Botanical Night,#12403c,植物之夜
Bottom of my Heart,#cc0077,我的心底
Boulevardier,#d40701,布勒瓦迪尔
Bountiful Gold,#e4c36c,丰饶之金
Bourbon,#af6c3e,波旁
Bourbon Peach,#ec842f,波旁桃红
Boutique Beige,#e1cead,精品米色
Brain Freeze,#00eeff,冰冻大脑
Brandy,#dcb68a,白兰地
Brandy Bear,#aa5412,白兰地熊
Brandywine Spritz,#e69dad,白兰地酒喷雾
Brass,#b5a642,黄铜色
Brass Buttons,#dfac4c,黄铜纽扣
Bread and Butter,#faedd2,面包和黄油
Bread Crumb,#e4d4be,面包屑
Break the Ice,#b2e1ee,破冰
Breath of Celery,#dce7cb,芹菜的气息
Breath of Fire,#ee0011,火的气息
Breath of Fresh Air,#c7dbe4,呼吸新鲜空气
Breeze,#c2dde6,微风
Breeze of Chilli,#f4706e,辣椒风
Brick,#a03623,砖
Brick Red,#8f1402,红色砖块
Bricky Brick,#b33a22,砖红色
Bride,#efe7eb,新娘系列
Bride’s Blush,#f9e2e1,新娘腮红
Bright Star,#dde2e6,明亮之星
Brilliance,#fdfdfd,华光
Brilliant Blue,#0075b3,亮蓝色
Brilliant Gold,#f0dbaa,亮金色
Brink Pink,#fb607f,红粉
Brisket,#6e4534,黄褐色
British Phone Booth,#ff0015,英式电话亭
British Racing Green,#05480d,英国赛车绿
Broad Daylight,#bbddff,宽日光
Broccoli,#87b364,西兰花
Broccoli Green,#4b5338,西兰花绿
Broccoli Paradise,#008833,西兰花天堂
Bronze,#a87900,青铜色
Bronzed,#dd6633,古铜色
Broom,#eecc24,扫帚色
Brown,#653700,棕色
Brown Alpaca,#b86d29,棕羊驼
Brown Coffee,#4a2c2a,棕色咖啡
Brown Sugar,#ab764e,棕糖
Brown Sugar Glaze,#cf7a4b,棕糖釉
Brownie,#964b00,布朗尼
Bruise,#7e4071,布鲁斯
Bruised Plum,#3b1921,伤痕累累的梅子
Brume,#c6c6c2,布鲁姆
Brunette,#664238,布鲁内特
Bruschetta,#b2654e,布鲁塞塔
Brutal Pink,#ff00bb,Brutal Pink
Bubbelgum Heart,#ffbadf,泡泡糖心
Bubble Gum,#ff85ff,泡泡糖
Bubblegum Baby Girl,#cc55ee,泡泡糖女婴
Bubblegum Crisis,#eeccee,泡泡糖危机
Bubblegum Kisses,#f092d6,泡泡糖之吻
Bubbles,#e7feff,泡泡糖
Büchel Cherry,#aa1111,布歇尔樱桃
Buckeye,#674834,白金汉花园
Buckingham Gardens,#89a068,白金汉花园
Bucolic,#1b6634,琥珀色
Bud Green,#79b465,芽绿
Buddha’s Love Handles,#ffbb33,佛陀的爱之手柄
Buff It,#d9cfbe,抛光
Bullet Hell,#faf1c8,子弹地狱
Bullfrog,#8a966a,牛蛙
Bulma Hair,#359e6b,布玛头发
Bumblebee,#ffc82a,大黄蜂
Bunny Tail,#ffe3f4,兔子尾巴
Bureaucracy,#746c8f,官僚机构
Buried Gold,#dbbc4b,埋藏的黄金
Burning Fireflies,#ff1166,燃烧的萤火虫
Burning Flame,#ffb162,燃烧的火焰
Burning Orange,#ff7124,燃烧的橙色
Burning Raspberry,#ff0599,燃烧的覆盆子
Burning Trail,#ee9922,燃烧的足迹
Burning Ultrablue,#150aec,燃烧的超蓝
Burnt Coffee,#271b10,燃烧的咖啡
Burnt Red,#9f2305,燃烧红色
Burrito,#eed7c1,卷饼
Busty Blue,#3300cc,丰满蓝
Busy Bee,#f4ff00,忙碌的蜜蜂
Butter,#ffff81,黄油色
Butter Bronze,#c88849,黄油青铜色
Butter Honey,#f5e5ab,黄油蜂蜜
Butter Muffin,#f6dfb2,黄油松饼
Butter Up,#f4e0bb,黄油
Butterbeer,#af7934,黄油啤酒
Buttercream,#efe0cd,奶油蛋糕
Buttercup Glow,#f1f458,黄油杯发光
Buttered Popcorn,#fff0a4,黄油爆米花
Buttered Up,#f7f0d2,奶油爆米花
Butterfly Kisses,#f0dedc,蝴蝶之吻
Buttermelon,#fff7db,奶油西瓜
Buttermilk,#fffee4,黄油牛奶
Butternut,#ffa177,南瓜
Butternut Squash,#fc7604,南瓜
Butterscotch,#fdb147,奶油糖
Butterscotch Cake,#f1c882,奶油蛋糕
Butterum,#c68f65,黄油
Buttery,#ffc283,奶油蛋糕
Buttery Croissant,#f6e19c,黄油羊角面包
Buzz,#f0c641,嗡嗡声
C64 Blue,#003aff,C64 蓝色
Cabaret,#cd526c,卡巴莱
Cabbage,#87d7be,卷心菜
Cacao Nibs,#80442f,可可豆
Cacodemon Red,#9f0000,可可豆红
Cactus,#5b6f55,仙人掌
Cadillac Coupe,#c0362c,卡迪拉克轿跑车
Caduceus Staff,#eedd22,仙人掌员工
Café au Lait,#a57c5b,莱特咖啡
Café Crème,#c79685,奶油咖啡
Cafe Latte,#d6c6b4,拿铁咖啡
Café Noir,#4b3621,黑咖啡
Cafe Royale,#6a4928,皇家咖啡厅
Cajeta,#c46d29,卡耶塔
Cake Frosting,#f9dfe5,蛋糕糖霜
Cakepop Sorbet,#f8c649,蛋糕冰糕
Calabrese,#f4a6a3,卡拉布雷斯
Calcium Rock,#eee9d9,钙岩
Call It a Night,#42364c,夜幕降临
Calm Waters,#e7fafa,平静之水
Calypso,#3d7188,卡吕普索
Camel,#c69f59,骆驼
Camel Cardinal,#cc9944,骆驼红衣主教
Camellia,#f6685a,山茶花
Cameo,#f2debc,卡米欧
Camo Clay,#747f71,卡莫粘土
Campanula,#3473b7,金钟罩
Campfire,#ce5f38,篝火
Camping Trip,#67786e,露营之旅
Canadian Maple,#cab266,加拿大枫叶
Canadian Tuxedo,#579aca,加拿大燕尾服
Canary,#fdff63,金丝雀
Candied Apple,#b95b6d,蜜饯苹果
Candied Snow,#d8fff3,蜜饯雪
Candle Glow,#ffe8c3,烛光
Candle in the Wind,#f9ebbf,风中蜡烛
Candlelight,#fcd917,烛光
Candy,#ff9b87,糖果
Candy Apple Red,#ff0800,苹果红糖
Candy Bar,#ffb7d5,糖果棒
Candy Corn,#fcfc5d,玉米糖果
Candy Dreams,#e9aef2,糖果梦
Candy Floss,#e8a7e2,糖果花
Candy Grape Fizz,#7755ee,葡萄汽水糖果
Candy Green,#33cc00,绿色糖果
Candy Pink,#ff63e9,粉色糖果
Cane Sugar,#e3b982,甘蔗糖
Cannoli Cream,#edecdb,康乃利奶油
Cantaloupe,#ffd479,哈密瓜
Canyon Sunset,#dd8869,峡谷日落
Capers,#897a3e,辣椒
Capital Blue,#1a4157,首都蓝
Caponata,#822a10,卡波那塔
Cappuccino,#704a3a,卡布奇诺
Cappuccino Cosmico,#e1ddcd,卡布奇诺咖啡
Capri,#00bfff,卡普里
Captain Kirk,#9b870c,柯克船长
Caramel,#af6f09,焦糖
Caramel Coating,#bb7711,焦糖涂层
Caramel Crumb,#c39355,焦糖面包屑
Caramel Dream,#b8623b,焦糖梦
Caramel Drizzle,#d9ad7f,焦糖细雨
Caramel Finish,#ffd59a,焦糖修饰
Caramel Gold,#b1936d,焦糖金
Caramel Macchiato,#c58d4b,焦糖玛奇朵
Caramel Mousse,#e5caa4,焦糖慕斯
Caramelize,#d58a37,焦糖
Caramelized Pecan,#a17b4d,焦糖山核桃
Carbon,#333333,碳纤维
Carbon Fiber,#2e2e2e,碳纤维
Cardamom,#aaaa77,豆蔻
Cardboard,#c19a6c,纸板
Cardinal,#c41e3a,红衣主教
Caribbean,#caf0e5,加勒比海
Caribbean Blue,#1ac1dd,加勒比蓝
Caribou,#816c5e,驯鹿
Carmine,#d60036,卡明
Carnivore,#991111,食肉动物
Carolina Reaper,#ff1500,卡罗莱纳收割者
Carona,#fba52e,卡罗纳
Carpaccio,#e34234,卡帕西奥
Carrot,#fd6f3b,胡萝卜
Carrot Lava,#fc5a1f,胡萝卜熔岩
Cartoon Violence,#d01722,卡通暴力
Cascade Twilight,#234893,瀑布曙光
Cascara,#ee4433,卡斯卡拉
Cashew Nut,#edccb3,腰果
Cashmere,#d1b399,羊绒
Cashmere Clay,#cda291,开士米粘土
Casino Lights,#f9f2b3,卡西诺之光
Casper,#aab5b8,卡斯伯
Castaway,#6dbac0,卡斯珀
Castaway Beach,#d0c19f,卡斯珀海滩
Castle in the Sky,#d1eaed,空中城堡
Castro,#44232f,卡斯特罗
Catacomb Walls,#dbd7d0,地下墓穴墙
Catfish,#657d82,鲶鱼
Cathedral,#acaaa7,大教堂
Cathode Green,#00ff55,阴极绿
Catnip,#80aa95,猫薄荷
Cauliflower,#ebe5d0,菜花
Caveman,#625c58,洞穴人
Caviar,#2b2c30,鱼子酱
Cavolo Nero,#72939e,黑鱼子酱
Cayenne,#941100,卡宴
Cedar Chest,#c95a49,雪松箱
Celadon,#ace1af,青瓷
Celadon Porcelain,#7ebea5,青花瓷
Celery,#b4c04c,芹菜
Celery Mousse,#c1fd95,西芹慕斯
Celery Scepter,#e1df9a,西芹权杖
Celestial,#007894,青瓷
Celestial Cathedral,#daeaf6,天体大教堂
Celestial Horizon,#7c94b3,天堂地平线
Cement Feet,#7b737b,水泥脚
Ceramic,#fcfff9,陶瓷
Cereal Flake,#efd7ab,谷物薄片
Cerulean,#55aaee,蓝色
Chai Latte,#f9cba0,拿铁咖啡
Chai Tea,#a97b2d,柴茶
Chain Mail,#81777f,链式邮件
Chalet,#c29867,木屋
Champagne,#e9d2ac,香槟色
Champagne Gold,#e8d6b3,香槟金
Channel,#f1c3c2,通道
Chantilly,#edb8c7,香堤伊
Chaotic Roses,#bb2266,乱世玫瑰
Charcoal,#343837,黑炭色
Charismatic Red,#ee2244,魅力红
Charm,#d0748b,魅力
Charming Peach,#f5ad75,魅力桃红
Chartreuse,#c1f80a,酒石色
Che Guevara Red,#ed214d,切格瓦拉红
Cheddar,#ee9a09,切达
Cheek Red,#a55a55,颊红
Cheeky Chestnut,#7b4d3a,栗子色
Cheerly Kiwi,#bccb08,欢快猕猴桃
Cheese,#ffa600,奶酪
Cheese It Up,#fdde45,奶酪起来
Cheese Please,#ff9613,奶酪请
Cheesecake,#fffcda,芝士蛋糕
Cheesus,#ffcc77,干酪
Cheesy Cheetah,#eeb033,芝士猎豹
Cheesy Frittata,#f0e093,芝士煎饼
Chef’s Hat,#f3f4f5,厨师帽
Chef’s Kiss,#cc3b3b,厨师之吻
Cherry,#cf0234,樱桃
Cherry Berry,#9f4d65,樱桃浆果
Cherry Blossom,#f5c1d5,樱桃花
Cherry Bomb,#b73d3f,樱桃炸弹
Cherry Crush,#c71414,樱桃粉碎
Cherry Paddle Pop,#fe314b,樱桃桨流行
Cherry Picking,#620b15,樱桃采摘
Cherry Sangria,#c92435,樱桃桑格利亚
Cherry Soda,#ff0044,樱桃苏打水
Cherry Tomato,#f2013f,樱桃番茄
Cherry Velvet,#e10646,樱桃天鹅绒
Cherryade,#b22743,樱桃汁
Chess Ivory,#ffe9c5,象牙棋
Chestnut,#742802,栗子味
Chewing Gum,#e6b0af,口香糖
Chickadee,#ffcf65,小鸡
Chicken Comb,#dd2222,鸡肉梳
Chicken Masala,#cc8822,马萨拉鸡
Chickery Chick,#fbe98e,小鸡小鸡
Child of the Night,#220077,夜之子
Chili Con Carne,#985e2b,辣椒牛肉面
Chili Crab,#e93a0e,辣椒螃蟹
Chili Pepper,#ac1e3a,辣椒
Chill of the Night,#256d8d,夜之寒
Chimera,#74626d,奇美拉
China Silk,#e3d1cc,中国丝绸
Chinese New Year,#ff3366,中国新年
Chinotto,#554747,中国风
Chipmunk,#cfa14a,花栗鼠
Chivalrous Fox,#c7662a,侠义狐狸
Chivalrous Walrus,#816558,侠义海象
Choco Chic,#993311,奇趣巧克力
Chocoholic,#993300,巧克力狂人
Chocolate,#d2691e,巧克力
Chocolate Bells,#775130,巧克力铃铛
Chocolate Bliss,#7f6054,幸福巧克力
Chocolate Castle,#452207,巧克力城堡
Chocolate Chili,#ab4231,巧克力辣椒
Chocolate Covered,#8b4121,巧克力包裹
Chocolate Escape,#623d2e,巧克力大逃亡
Chocolate Explosion,#8e473b,巧克力爆炸
Chocolate Fantasies,#5c3612,巧克力幻想
Chocolate Kiss,#3c1421,巧克力之吻
Chocolate Lust,#993322,巧克力欲望
Chocolate Magma,#7a463a,巧克力岩浆
Chocolate Pretzel,#60504b,巧克力椒盐脆饼
Chocolate Rain,#714f29,巧克力雨
Chocolate Rush,#4e1b0b,巧克力热潮
Chocolate Temptation,#956e5f,巧克力诱惑
Chocolate Truffle,#612e32,松露巧克力
Chocolate Velvet,#7f7453,天鹅绒巧克力
Chorizo,#aa0011,辣味香肠
Choux à la Crème,#ebcf7d,奶油巧克力
Christmas Red,#b01b2e,圣诞红
Chrome White,#cac7b7,铬白
Chubby Kiss,#b43548,胖胖之吻
Chutney,#9f5e4e,酸辣酱
Cigar,#7d4e38,雪茄
Cigarette Glow,#ee5500,香烟光芒
Cinder,#242a2e,煤渣
Cinderella,#fbd7cc,灰姑娘
Cinnamon,#d26911,肉桂
Cinnamon Buff,#ffbf6e,肉桂红
Cinnapink,#a6646f,肉桂粉红
Citadel,#6a7f8b,柑橘
Citrus,#9fb70a,柑橘
Citrus Splash,#ffc400,柑橘飞溅
City Dweller,#c0b9ac,城市居住者
Clairvoyant,#480656,千里眼
Clam Up,#ebdbc1,蛤蜊色
Classy Mauve,#bb99aa,经典淡紫色
Clay,#b66a50,粘土色
Clear Sky,#8eccfe,晴空万里
Clear Water,#aad5db,清澈之水
Clementine,#e96e00,克莱门汀
Cloak and Dagger,#550055,斗篷与匕首
Cloak Grey,#605e63,灰色斗篷
Cloisonné,#0773af,景泰蓝
Clotted Cream,#f3efcd,凝霜
Cloud Break,#f6f1fe,云破
Cloud Dancer,#f0eee9,云舞者
Clouded Pine,#628468,云松
Cloudless,#d6eafc,无云
Cloudy Valley,#b1c6d6,云谷
Clover,#008f00,三叶草
Coalmine,#220033,煤矿
Cobalt,#030aa7,钴蓝
Coca Mocha,#bd9d95,可可摩卡
Cockatoo,#58c8b6,鹦鹉
Coco Malt,#e4dcc9,可可麦芽
Coco Muck,#994a25,可可泥
Coco’s Black,#1c1c1a,可可黑
Cocoa,#875f42,可可
Cocoloco,#aa8f7a,可可
Coconut,#965a3e,椰子
Coconut Agony,#ebe8e7,椰子痛苦
Coconut Macaroon,#dacac0,椰子马卡龙
Coconut Milk,#eeebe2,椰奶
Cocoon,#dedbcc,茧
Coffee,#6f4e37,咖啡
Coffee Adept,#775511,咖啡达人
Coffee Diva,#bea88d,咖啡天后
Cognac,#d48c46,干邑
Coin Slot,#ff4411,硬币槽
Cola,#3c2f23,可乐
Cold and Dark,#154250,冷与黑
Cold Blue,#88dddd,冷蓝
Cold Brew Coffee,#785736,冷泡咖啡
Cold Canada,#dbfffe,加拿大冷饮
Cold Light of Day,#00eeee,冷光日
Cold Lips,#9ba0ef,冷唇
Cold Press Coffee,#6c2e09,冷压咖啡
Cold Shoulder,#d4e0ef,冷肩
Cold Turkey,#cab5b2,冷火鸡
Cold Wave,#c2e2e3,冷波
Cold White,#edfcfb,冷白色
Columbo’s Coat,#d0cbce,科伦坡的外套
Communist,#cc0000,共产人士
Concord,#827f79,康科德
Concrete,#d2d1cd,混凝土
Concrete Jungle,#999988,混凝土丛林
Concrete Landscape,#5c606e,混凝土景观
Conifer,#b1dd52,松柏
Conker,#b94e41,康克
Continental Waters,#98c6cb,大陆水域
Cookie Crumb,#b19778,饼干屑
Cookie Crust,#e3b258,饼干面包屑
Cookie Dough,#ab7100,饼干面团
Cool,#96b3b3,酷
Cool as a Cucumber,#c6d86b,酷似黄瓜
Cooler Than Ever,#77bbff,比以往更酷
Copacabana,#006c8d,科帕卡巴纳
Copious Caramel,#d0851d,大量焦糖
Copper,#b87333,铜
Copper Coin,#da8a67,铜币
Copper Hopper,#bf4000,铜斗
Copper Patina,#9db4a0,铜锈
Copperhead,#d68755,铜头
Coquelicot,#ff3800,珊瑚
Coral,#ff7f50,珊瑚
Coral Commander,#ee6666,珊瑚指挥官
Coral Kiss,#ffddc7,珊瑚之吻
Coral Paradise,#e76682,珊瑚天堂
Coral Red,#ff4040,珊瑚红
Coralistic,#ff917a,珊瑚红
Corbeau,#111122,科尔博
Corfu Waters,#008aad,科孚岛水域
Cork Wood,#cc7744,科克木
Corn,#fbec5d,玉米
Cornflake,#f0e68c,玉米片
Cornsilk,#fff8dc,科尔丝
Corona,#ffb437,科罗娜
Corrosive Green,#54d905,腐蚀绿
Cortex,#a99592,皮层
Cosmic,#b8b9cb,宇宙
Cosmic Bit Flip,#001000,宇宙位翻转
Cosmic Explorer,#551155,宇宙探索者
Cosmic Green,#30a877,宇宙绿
Cosmic Heart,#9601f4,宇宙之心
Cosmic Latte,#fff8e7,宇宙拿铁
Cosmic Red,#da244b,宇宙红
Cotinga Purple,#340059,科廷加紫
Cotton Ball,#f2f7fd,棉花球
Cotton Boll,#e7effb,棉花球
Cotton Candy,#ffbcd9,棉花糖
Cotton Candy Comet,#ffc3cb,棉花糖彗星
Cotton Candy Explosions,#dd22ff,棉花糖爆炸
Cotton Field,#f2f0e8,棉花田
Couch,#4e2a20,沙发
Count Chocula,#5e2d10,巧克力伯爵
Countryside,#a4a404,乡村
Court-Bouillon,#cecb97,宫廷布戎
Couscous,#ffe29b,库斯库斯
Cousteau,#55a9d6,库斯托
Cover of Night,#494e4f,夜幕降临
Cow’s Milk,#f1ede5,牛奶
Cowboy,#443736,牛仔
Coyote,#dc9b68,丛林狼
Cozy Summer Sunset,#eb9f9f,舒适的夏日夕阳
Cozy Wool,#d1b99b,舒适的羊毛
Cranberry,#9e003a,小红莓
Cranberry Splash,#da5265,红莓飞溅
Crash Dummy,#eeee66,撞击假人
Crashing Waves,#3e6f87,冲击波
Cream,#ffffc2,奶油
Cream and Butter,#feeea5,奶油和黄油
Cream and Sugar,#ddcfb9,奶油和糖
Cream Puff,#ffbb99,奶油泡芙
Creamed Caramel,#b79c94,奶油焦糖
Creamy,#efe8db,奶油
Creamy Apricot,#ffe8bd,奶油杏子
Creamy Avocado,#d8f19c,奶油牛油果
Creamy Berry,#debccd,奶油浆果
Creamy Cloud Dreams,#fff5e0,奶油云梦
Creamy Garlic,#ecefe3,奶油大蒜
Creamy Ivory,#eeddaa,奶油象牙
Creamy Lemon,#fff0b2,奶油柠檬
Creamy Mint,#aaffaa,奶油薄荷
Creamy Peach,#f4a384,奶油桃子
Creamy Strawberry,#fcd2df,奶油草莓
Creamy Sweet Corn,#f7c34c,奶油甜玉米
Creamy Vanilla,#f2e5bf,奶油香草
Crème Brûlée,#ffe39b,奶油布丁
Crème de la Crème,#f3e7b4,奶油蛋糕
Crème de Pêche,#fdf5e0,腌制奶油
Crème Fraîche,#eceee6,法式奶油
Creole,#393227,克里奥尔风味
Crepe,#d4bc94,绉绸
Crepuscular,#e7dcce,绉绸
Crimson Blaze,#ad3d1e,深红色火焰
Crimson Boy,#b44933,深红男孩
Crimson Cloud,#c32f40,深红云彩
Crimson Glow,#c13939,绯红光芒
Crimson Velvet Sunset,#b52604,深红天鹅绒日落
Crisps,#e2bd67,脆饼
Crispy Crunch,#7a8f68,脆饼
Croissant,#c4ab86,牛角面包
Crow,#180614,乌鸦
Crown Jewel,#4f325e,皇冠宝石
Crown of Thorns,#763c33,荆棘之冠
Crude Banana,#21c40e,粗香蕉
Crumbling Statue,#cabfb4,摇摇欲坠的雕像
Crunchy Carrot,#ea5013,脆萝卜
Crusade King,#dbc364,十字军之王
Crushed Ice,#c4fff7,碎冰
Cry Me a River,#427898,哭泣吧
Cry of a Rose,#b23c5d,玫瑰之泣
Cryo Freeze,#ddece0,冷冻
Crystal,#a7d8de,水晶
Crystal Gem,#79d0a7,水晶宝石
Crystal Lake,#88b5c4,水晶湖
Crystal Palace,#d3cfab,水晶宫
Cuba Libre,#73383c,自由古巴
Cucumber,#006400,黄瓜
Cucumber Bomber,#bbdd11,黄瓜轰炸机
Cucumber Milk,#c2f177,黄瓜牛奶
Cumin,#a58459,孜然
Cumulus,#f3f3e6,积云
Cupid,#f5b2c5,丘比特
Cupid’s Eye,#ff22dd,丘比特之眼
Curry,#d6a332,咖喱
Curry Bubbles,#f5b700,咖喱泡泡
Curry Sauce,#be9e6f,咖喱酱
Currywurst,#ddaa33,咖喱香肠
Cursed Black,#131313,黑色诅咒
Cute Crab,#dd4444,可爱的螃蟹
Cuttlefish,#7fbbc2,墨鱼
Cyan,#0ff0fe,青色
Cyber Neon Green,#00ff26,网络霓虹绿
Cyber Yellow,#ffd400,赛博黄
Cyberpink,#ff2077,赛博粉红
Cypress,#585d40,柏树色
Daffodil,#ffff31,水仙
Dainty Peach,#ffcdb9,淡雅桃红
Daisy Desi,#fcdf8a,雏菊色
Dallas Dust,#ece0d6,达拉斯尘土
Dampened Black,#4a4747,湿润的黑色
Dancing Sea,#1c4d8f,舞海
Dandelion,#fedf08,蒲公英
Danger,#ff0e0e,危险
Dangerous Affair,#d00220,危险事件
Dangerous Robot,#cbc5c6,危险机器人
Dark,#1b2431,黑暗
Dark & Stormy,#353f51,黑暗与风暴
Dark Ages,#9698a3,黑暗时代
Dark as Night,#495252,黑暗如夜
Dark Blue,#315b7d,深蓝
Dark Charcoal,#333232,深木炭色
Dark Chocolate,#624a49,黑巧克力
Dark Crypt,#3f4551,黑暗墓穴
Dark Cyan,#008b8b,深青色
Dark Denim,#005588,深牛仔布色
Dark Dreams,#332266,黑暗之梦
Dark Eclipse,#112244,黑暗日蚀
Dark Forest,#556962,黑暗森林
Dark Galaxy,#0018a8,黑暗银河
Dark Knight,#151931,黑暗骑士
Dark Matter,#110101,黑暗物质
Dark Moon,#161718,暗月
Dark Olive,#373e02,深橄榄色
Dark Orange,#c65102,深橙色
Dark Orchestra,#251b19,黑暗乐团
Dark Pink,#cb416b,暗粉色
Dark Prince,#6b6c89,深色王子
Dark Purple,#35063e,深紫色
Dark Red,#840000,暗红色
Dark Rift,#060b14,黑暗裂缝
Dark Roast,#4a2d2f,黑暗烘烤
Dark Rum,#45362b,黑暗朗姆酒
Dark Salmon Injustice,#e8957a,黑暗三文鱼不义
Dark Sanctuary,#3f012c,黑暗圣域
Dark Sapphire,#082567,黑暗蓝宝石
Dark Secret,#3e5361,黑暗秘密
Dark Serpent,#113311,黑暗之蛇
Dark Soul,#112255,黑暗灵魂
Dark Souls,#a3a3a2,黑暗灵魂
Dark Space,#414a4c,黑暗空间
Dark Veil,#141311,黑暗面纱
Dark Void,#151517,黑暗虚空
Dark Wood,#855e42,黑暗之木
Darkest Dungeon,#660011,最黑暗的地牢
Darkest Forest,#223311,最黑暗森林
Darth Vader,#27252a,达斯-维德
Day On Mercury,#d5d2d1,水星之日
Dazzling Red,#d82c0d,耀眼的红色
Dead Forest,#434b4f,死亡森林
Dead Pixel,#3b3a3a,死亡像素
Deadly Depths,#111144,死亡深渊
Deadly Yellow,#dead00,致命黄
Dear Darling,#a30112,亲爱的亲爱的
Dear Reader,#f5f3e6,亲爱的读者
Death by Chocolate,#60443f,巧克力之死
Death of a Star,#e760d2,星星之死
Debian Red,#d70a53,德比红
Decadial Pink,#decade,颓废粉红
Decreasing Brown,#987654,递减棕色
Deep Forest,#3c463e,深邃森林
Deep Forestial Escapade,#335500,深林逃亡
Deep Fried,#f0b054,油炸
Deep Fried Sun Rays,#f6c75e,油炸太阳射线
Deep Green,#02590f,深绿色
Deep Indigo,#4c567a,深靛蓝
Deep Lagoon,#005a6f,深潟湖
Deep Night,#494c55,深夜
Deep Pond,#014420,深潭
Deep Pool Teal,#366d68,深潭茶色
Deep Saffron,#ff9932,深红花
Deep Sea Base,#2c2c57,深海基地
Deep Sea Diver,#255c61,深海潜水员
Deep Sea Nightmare,#002366,深海梦魇
Deep Sky Blue,#0d75f8,深空蓝
Deep Space Rodeo,#332277,深空竞技
Deeply Embarrassed,#ecb2b3,深感尴尬
Deepsea Kraken,#082599,深海克拉肯
Deer,#ba8759,鹿
Delayed Yellow,#fdf901,延迟黄
Deli Yellow,#e8b523,得利黄
Delicate Cloud,#dddfe8,精致的云
Delicate Ice,#b7d2e3,精致冰块
Delicate Lemon,#eedd77,精致柠檬
Delicate Seashell,#ffefdd,精致贝壳
Délicieux au Chocolat,#412010,美味巧克力
Delightful Pastry,#f9e7c8,美味糕点
Delta Mint,#c5e6cf,德尔塔薄荷
Demeter Green,#02cc02,德米特绿
Demonic Kiss,#d02b48,恶魔之吻
Denim,#2243b6,牛仔布
Densetsu Green,#889911,电雪绿
Depths of Night,#2c319b,夜之深渊
Desert,#ccad60,沙漠
Desert Dessert,#ffba6b,沙漠甜点
Desert Dune,#b5ab9c,沙漠沙丘
Desert Locust,#a9a450,沙漠蝗虫
Desert Temple,#ddcc99,沙漠寺庙
Deserted Beach,#e7dbbf,沙漠海滩
Desirable,#a93435,理想
Desire,#ea3c53,渴望
Desired Dawn,#d8d7d9,渴望黎明
Detective Coat,#8b8685,侦探外套
Devil’s Advocate,#ff3344,魔鬼代言人
Deviled Eggs,#fecd82,魔鬼蛋
Devilish,#dd3322,恶魔
Devilish Diva,#ce7790,魔鬼天后
Diamond,#faf7e2,钻石
Diamond Cut,#e9e9f0,钻石切割
Diamond White,#e2eff3,白色钻石
Diesel,#322c2b,柴油
Dijon Mustard,#e2ca73,第戎芥末
Dill,#6f7755,莳萝
Dim,#c8c2be,莳萝
Dinosaur Egg,#cabaa9,恐龙蛋
Dipped in Cream,#fcf6eb,蘸奶油
Dire Wolf,#282828,恶狼
Disappearing Memories,#eae3e0,消失的记忆
Disco Ball,#d4d4d4,迪斯科球
Discreet Orange,#ffad98,离散橙
Discrete Pink,#ebdbdd,离散粉红
Distant Cloud,#e5eae6,遥远的云
Distant Homeworld,#acdcee,遥远的家园
Distant Landscape,#e1efdd,遥远的风景
Diva,#c9a0ff,迪娃
Diva Mecha,#ee99ee,迪娃机甲
Diva Pink,#fa427e,粉红迪娃
Diver’s Eden,#3a797e,潜水员的伊甸园
Divine Pleasure,#f4efe1,神圣的愉悦
Dockside Red,#813533,码头红
Doctor,#f9f9f9,医生
Dogwood,#faeae2,山茱萸
Dolce Pink,#f0d9e0,多尔切粉红
Dollar Bill,#85bb65,美元钞票
Dolly,#f5f171,多莉
Dolly Cheek,#fcc9b6,多莉脸颊
Dolphin,#86c4da,海豚
Don’t Be Shy,#ed2c1a,别害羞
Donegal Green,#115500,多尼戈尔绿
Döner Kebab,#bb7766,烤肉串
Donkey Kong,#ab4210,驴子金刚
Dorn Yellow,#fff200,多恩黄
Double Cream,#f2d9a3,双层奶油
Dove,#b3ada7,德芙
Dove Wing,#d7d9d5,鸽子翅膀
Down Feathers,#fff9e7,羽绒羽毛
Dr Who,#78587d,谁博士
Dr. White,#fafafa,白博士
Dragon Ball,#ff9922,龙珠
Dragon Fire,#fc4a14,龙火
Dragon Fruit,#d75969,火龙果
Dragon’s Blood,#b84048,龙之血
Dragon’s Breath,#d41003,龙之气
Dragon’s Gold,#e7e04e,龙之金
Dragonfly,#314a76,蜻蜓
Drama Queen,#a37298,戏剧女王
Dramatic Blue,#240093,戏剧蓝
Dream Land,#edabe6,梦幻国度
Dream of Spring,#f7cf26,春之梦
Dream Setting,#ff77bb,梦境
Dream Vapor,#cc99ee,梦幻蒸汽
Dreamless Sleep,#111111,无梦之眠
Dreamy Candy Forest,#b195e4,梦幻糖果森林
Dried Tomatoes,#ab6057,番茄干
Driftwood,#a67a45,漂流木
Drip Coffee,#7a280a,滴漏咖啡
Dripping Wisteria,#bb99bb,滴滴紫藤
Droplet,#aaddff,水滴
Dropped Brick,#bb3300,滴下的砖块
Drover,#fbeb9b,水滴
Drunk-Tank Pink,#dd11dd,醉潭粉红
Drunken Flamingo,#ff55cc,醉火烈鸟
Dry Bone,#eadfce,干骨
Dry Rose,#c22f4d,干玫瑰
Duck Butter,#ddc75b,鸭子黄油
Duck Hunt,#005800,鸭子狩猎
Duckling Fluff,#fafc5d,小鸭绒毛
Dumpling,#f7ddaa,饺子
Dune,#d5c0a1,沙丘
Dungeon Keeper,#ef3038,地下城守护者
Durian White,#e6d0ab,榴莲白
Dusk,#4e5481,黄昏
Dusky Mood,#979ba8,
Dust of the Moon,#cfc9df,
Dust Storm,#e7d3b7,
Dust to Dust,#bbbcbc,
Dusty Boots,#f3c090,
Dusty Chimney,#888899,
Dusty Duchess,#b18377,
Dwarf Fortress,#1d0200,
Dwarven Bronze,#bf652e,
Dwindling Dandelion,#f9e9d7,
Dying Storm Blue,#111166,
Dynamite,#ff4422,
Dynasty Green,#00988e,
Eagle,#a26c36,
Earl Grey,#a6978a,
Earthbound,#a48a80,
Earthworm,#c3816e,
Easter Egg,#8e97c7,
Eat Your Greens,#696845,
Ebi Brown,#773c30,
Ebony,#313337,
Eclipse,#3f3939,
Eclipse Elixir,#1f2133,
Ecological,#677f70,
Ecstatic Red,#aa1122,
Edamame,#9ca389,
EGA Green,#01ff07,
Egg Toast,#f2c911,
Egg Yolk,#ffce81,
Eggnog,#fdea9f,
Eggplant,#430541,
Eggshell,#f0ead6,
Eiffel Tower,#998e83,
Eigengrau,#16161d,
Eight Ball,#03050a,
Elastic Pink,#eca6ca,
Elden Ring Orange,#ed8a09,
Electra,#55b492,
Electric Banana,#fbff00,
Electric Blood,#e23d2a,
Electric Eel,#88bbee,
Electric Laser Lime,#26ff2a,
Electric Lettuce,#7bd181,
Electric Yellow,#fffc00,
Electrifying Kiss,#d41c4e,
Elegant Purple Gown,#552367,
Elephant in the Room,#a8a9a8,
Elite Teal,#133337,
Embarrassed,#ee7799,
Embarrassed Frog,#996611,
Embarrassment,#ff7777,
Emerald,#028f1e,
Emerald Bliss,#4cbdac,
Emerald Forest,#224347,
Emerald Glitter,#66bb00,
Emerald Ice Palace,#2af589,
Emerald Oasis,#67a195,
Emerald Rain,#80c872,
Emerald Whispers,#2b8478,
Emergency,#911911,
Eminence,#6e3974,
Emoji Yellow,#ffde34,
Emperor Jade,#007b75,
Empress,#7c7173,
Emptiness,#fcfdfc,
Enchanted Emerald,#7ed89a,
Enchanted Forest,#5c821a,
Enchanted Glen,#166d29,
Enchanted Lavender,#bfa3d9,
Enchanted Lilac,#a893c1,
Enchanting Ivy,#315955,
End of Summer,#cc8f15,
Endive,#cee1c8,
Endless Galaxy,#000044,
Endless Horizon,#b1dbf5,
Endless River,#567aad,
Endless Summer,#f7cf00,
Endo,#5da464,
English Breakfast,#441111,
English Manor,#7181a4,
English Walnut,#3e2b23,
Engulfed in Light,#f5f3e9,
Enoki,#f8faee,
Enraged,#ee0044,
Envy,#8ba58f,
Envy’s Love,#2dd78d,
Eosin Pink,#ff5ec4,
Ephemeral Blue,#cbd4df,
Ephemeral Red,#e4cfd7,
Epic Blue,#0066ee,
Epink,#dd33ff,
Equanimity,#83a9b3,
Equestrienne,#a07569,
Errigal White,#f2f2f4,
Escalope,#cc8866,
Escargot,#fff1d8,
Espresso,#4e312d,
Espresso Bar,#5b3f34,
Espresso Crema,#d09c43,
Espresso Macchiato,#4f4744,
Espresso Martini,#8c3a00,
Estragon,#a5af76,
Eternal Flame,#a13f49,
Eternal Summer,#f7e504,
Eternal Winter,#9cfaff,
Ether,#98b2b4,
Ethereal Espresso,#3e2723,
Ethereal Mist,#b0b8cc,
Ethereal Moonlight,#d5e4ec,
Ethereal Woods,#3e5e4e,
Eucalyptus,#329760,
Evening Glow,#fdd792,
Everglade,#264334,
Evergreen,#125b49,
Everlasting Ice,#f6fdfa,
Evil Cigar,#522000,
Evil Forces,#770022,
Excalibur,#676168,
Exclusive Elixir,#f9f1dd,
Exclusive Ivory,#e2d8c3,
Exhilarating Green,#81c784,
Exit Light,#55bb33,
Exotic Escape,#96d9df,
Exotic Lilac,#d198b5,
Exploding Star,#fed83a,
Explorer of the Galaxies,#3a1f76,
Explosive Grey,#c4c4c4,
Explosive Purple,#cc11bb,
Extra Fuchsia,#ef347c,
Extra Life,#6ab417,
Extraviolet,#661188,
Extreme Carrot,#ff7133,
Eyeball,#fffbf8,
Fabric of Love,#aa1177,
Fabric of Space,#341758,
Fabulous Fawn,#e5c1a3,
Fabulous Fuchsia,#ee1188,
Faded Letter,#bfac86,
Fading Horizon,#442266,
Fading Love,#c973a2,
Fading Night,#3377cc,
Fail Whale,#99ccee,
Faint Gold,#b59410,
Fairy Dust,#ffe8f4,
Fairy Floss,#ebc9c6,
Fairy Tale,#efb4ca,
Fairy Tale Green,#88cc55,
Fake Blonde,#efe6c1,
Fake Jade,#13eac9,
Fake Love,#cc77ee,
Falafel,#aa7711,
Fallen Blossoms,#edb2c4,
Fallen Petals,#f2e0da,
Fanatic Fuchsia,#ee1199,
Fancy Fuchsia,#ff0088,
Fancy Red Wine,#b40441,
Fandango,#b53389,
Fantasy Romance,#e83a72,
Farmer’s Market,#8f917c,
Fat Gold,#e6bc00,
Fat Smooch,#c1537d,
Fatal Fury,#da321c,
Fatback,#fff7ed,
Fatty Fuchsia,#ee0077,
Fatty Sashimi,#eec4b4,
Fawn,#cfaf7b,
Feasty Fuchsia,#ee0088,
Feather,#dad9ce,
Featherbed,#afcbe5,
Federation of Love,#b71010,
Fedora,#625665,
Feijoa,#a5d785,
Feminism,#9d5783,
Femme Fatale,#948593,
Fennec Fox,#dad7c8,
Fennel Fiasco,#00aa44,
Fennel Fiesta,#00bb77,
Fennel Flower,#77aaff,
Fennelly,#9a9e80,
Fern,#548d44,
Ferntastic,#71ab62,
Fernweh,#977b2f,
Ferocious,#e2261f,
Ferocious Flamingo,#ee00cc,
Ferocious Fox,#e25d1b,
Ferocious Fuchsia,#aa00cc,
Fertility Green,#66fc00,
Festive Bordeaux,#6e0f12,
Festive Ferret,#dfdfe5,
Feta,#dbe0d0,
Fever Dream,#dd5577,
Feverish,#dd6677,
Feverish Passion,#de4d7b,
Fibonacci Blue,#112358,
Ficus,#3b593a,
Ficus Elastica,#006131,
Fiddle-Leaf Fig,#a6c875,
Fierce Red,#cc0021,
Fiery Glow,#f0531c,
Fiesta,#edd8d2,
Fiji Sands,#d8caa9,
Film Noir,#473933,
Final Departure,#f1f5db,
Fine Pine,#008800,
Finger Banana,#e1c12f,
Finnish Fiord,#5db0be,
Fiord,#4b5a62,
Fire,#8f3f2a,
Fire Ant,#be6400,
Fire Bolt,#cc4411,
Fire Engine,#fe0002,
Fire Hydrant,#ff0d00,
Fireball,#ce2029,
Firebug,#cd5c51,
Firecracker,#f2643a,
Firefly Glow,#fff3a1,
Firewatch,#ee8866,
First Crush,#f6e2ea,
First Day of Summer,#f1e798,
First Love,#cf758a,
First Snow,#e8eff8,
Fish Bone,#e4d9c5,
Fish Boy,#11dddd,
Fish Ceviche,#e1e1d5,
Fish Pond,#86c8ed,
Fisher King,#5182b9,
Fist of the North Star,#225599,
Five Star,#ffaa4a,
Fizz,#b1dbaa,
Fizzy Peach,#f7bc5c,
Flamboyant,#f73d37,
Flamboyant Flamingo,#f74480,
Flame,#e25822,
Flame of Prometheus,#db3c02,
Flame Seal,#f4e25a,
Flamenco,#ea8645,
Flaming Cauldron,#f6a374,
Flaming Cherry,#d4202a,
Flaming Flamingo,#dd55ff,
Flaming Hot Flamingoes,#ff005d,
Flaming June,#eebb66,
Flaming Orange,#ee6633,
Flamingo Queen,#cc33ff,
Flan,#f6e3b4,
Flash in the Pan,#ff9977,
Flashlight,#f9eed6,
Flattered Flamingo,#ee6655,
Fleur de Sel Caramel,#da8704,
Fleur-De-Lis,#b090c7,
Flickering Firefly,#f8f6e6,
Flickering Light,#fff1dc,
Flickr Pink,#fb0081,
Flint Rock,#989493,
Flip a Coin,#ccddcc,
Flirt,#7a2e4d,
Flirtatious Flamingo,#cc22ff,
Flirty Rose,#d65e93,
Flirty Salmon,#fa7069,
Floating Feather,#e9d8c2,
Flood,#6677bb,
Flora,#73fa79,
Florida’s Alligator,#664422,
Fluffy Duckling,#fcdf39,
Fluorescence,#89d178,
Fluorescent Green,#08ff08,
Fluorescent Pink,#fe1493,
Flush Orange,#ff6f01,
Fly a Kite,#c8daf5,
Fly Away,#85b3f3,
Fly by Night,#1c1e4d,
Fly-by-Night,#495a67,
Flying Carpet,#787489,
Flying Fish Blue,#024aca,
Fog,#d6d7d2,
Fog Syringa,#c4bad2,
Foggy Day,#e7e3db,
Foggy Love,#d5c7e8,
Foggy Plateau,#cfcbe5,
Fogtown,#eef0e7,
Foil,#c0c3c4,
Foliage,#95b388,
Fondant,#f4e2cf,
Fondue,#fdf5c4,
Fool’s Gold,#cad175,
Forbidden Fruit,#fe7b7c,
Forbidden Peanut,#a38052,
Force of Nature,#d5ce69,
Forest,#0b5509,
Forest Empress,#3d7016,
Forest Serenade,#336644,
Forester,#9aa77c,
Forestial,#007733,
Forestial Outpost,#556611,
Forestry,#2f441f,
Forget-Me-Not,#0087bd,
Forgiven Sin,#ff1199,
Forgotten Mosque,#e2d9db,
Forgotten Sandstone,#afa696,
Formosan Green,#a69a51,
Fortune Cookie,#e0c5a1,
Fossil Stone,#e3ddcc,
Foundation White,#efeeff,
Four Leaf Clover,#738f5d,
Fox,#ca4e33,
Foxy Pink,#db95ab,
Frail Fuchsia,#ee88ee,
Framboise,#e40058,
Frankenstein,#7ba05b,
Frappé,#ceae99,
Frappé au Chocolat,#9a6840,
Free Spirit,#deeeed,
Freefall,#565266,
Freeze Up,#dee9f4,
Freezing Vapor,#d4e9f5,
Freezy Breezy,#99eeee,
French Blue,#0072bb,
French Fry,#ebc263,
French Oak,#bb9e7c,
French Porcelain,#f6f4f6,
French Vanilla,#efe1a7,
French Wine,#ac1e44,
French Winery,#991133,
Fresco,#f4dbd9,
Fresh Air,#a6e7ff,
Fresh Blue of Bel Air,#069af3,
Fresh Breeze,#beeddc,
Fresh Cut Grass,#91cb7d,
Fresh Gum,#ffaadd,
Fresh Snow,#f6efe1,
Freshly Baked,#e9c180,
Freshly Purpleized,#5c5083,
Freshly Roasted Coffee,#663322,
Fricassée,#ffe6c2,
Friendly Frost,#bffbff,
Frog,#58bc08,
Frog on a Log,#8fb943,
Frog Pond,#73b683,
Frog Prince,#bbd75a,
Frogger,#8cd612,
Froggy Pond,#7fba9e,
Frost,#e1e4c5,
Frost Fairy,#bbcfef,
Frostbite,#acfffc,
Frosted Blueberries,#0055dd,
Frosted Mint Hills,#ccffc2,
Frosty Pink,#dfe9e3,
Frothy Milk,#faede6,
Frozen Boubble,#00eedd,
Frozen Civilization,#e1f5e5,
Frozen Forest,#cfe8b6,
Frozen Landscape,#aee4ff,
Frozen Mammoth,#dfd9da,
Frozen Periwinkle,#c9d1ef,
Frozen Salmon,#fea993,
Frozen Tomato,#dd5533,
Frozen Turquoise,#53f6ff,
Frozen Wave,#56acca,
Fruit of Passion,#946985,
Fruity Licious,#f69092,
Fuchsia,#ed0dd9,
Fuchsia Felicity,#f44772,
Fuchsia Fever,#ff5599,
Fuchsia Nebula,#7722aa,
Fuchsia Pheromone,#9f4cb7,
Fuego,#ee5533,
Fugitive Flamingo,#ee66aa,
Fuji Peak,#f6eee2,
Full Moon,#f4f3e0,
Funki Porcini,#ee9999,
Funky Frog,#98bd3c,
Furious Fox,#e35519,
Furious Frog,#55ee00,
Furious Fuchsia,#ee2277,
Furious Red,#ff1100,
Furious Tiger,#ea5814,
Furnace,#dd4124,
Furry Lion,#f09338,
Fusilli,#f1e8d6,
Fusion Red,#ff6163,
Futon,#edf6db,
Future Fuchsia,#ff2040,
Fuzzy Duckling,#ffea70,
Fuzzy Sheep,#f0e9d1,
Fuzzy Wuzzy,#cc6666,
Galactic Civilization,#442288,
Galactic Cruise,#111188,
Galactic Federation,#330077,
Galactic Gossamer,#7f8cb8,
Galactic Grapevine,#6b327b,
Galactic Highway,#3311bb,
Galactic Purple,#472e97,
Galaxea,#2e305e,
Galaxy Blue,#2d5284,
Galaxy Express,#444499,
Gale of the Wind,#007844,
Gallant Green,#99aa66,
Gameboy Screen,#8bac0f,
Gangsters Gold,#ffdd22,
Garden Goddess,#99cea0,
Garden of Eden,#7fa771,
Garden Snail,#cdb1ab,
Garden Weed,#786e38,
Gardenia,#f1e8df,
Garfield,#a75429,
Gargoyle,#abb39e,
Garlic Butter,#eddf5e,
Garlic Clove,#e2d7c1,
Garlic Toast,#dddd88,
Gateway Grey,#a0a09c,
Gatsby Glitter,#eed683,
Gauntlet Grey,#78736e,
Gazelle,#947e68,
Gecko,#9d913c,
Gecko’s Dream,#669900,
Genie,#3e4364,
Gentian Blue,#312297,
Gentle Caress,#fcd7ba,
Gentle Cold,#c3ece9,
Gentle Frost,#dce0cd,
Gentle Glow,#f6e5b9,
Gentle Sky,#99bdd2,
Georgia Peach,#f97272,
German Hop,#89ac27,
Getting Wet,#c3dae3,
Ghost,#c0bfc7,
Ghost Lichen,#dfedda,
Ghost Pepper,#c10102,
Ghost Whisperer,#cbd1d0,
Ghost White,#f8f8ff,
Ghosted,#e2e0dc,
Ghoul,#667744,
Giggle,#eff0d3,
Gin,#d9dfcd,
Gin Fizz,#f8eaca,
Gin Tonic,#ecebe5,
Ginger,#b06500,
Ginger Ale,#c9a86a,
Ginger Beer,#c27f38,
Ginger Dough,#b06d3b,
Ginger Lemon Tea,#ffffaa,
Ginger Scent,#cb8f7b,
Gingerbread,#8c4a2f,
Gingerbread Crumble,#9c5e33,
Gingerbread House,#ca994e,
Giraffe,#fefe33,
Girl Power,#d39bcb,
Girlie,#ffd3cf,
Glacial Ice,#eae9e7,
Glacier,#78b1bf,
Glamour Pink,#ff1dcd,
Glamour White,#fffcec,
Glassmith,#46b5c0,
Glaucous Green,#b3e8c2,
Glazed Chestnut,#967217,
Glazed Sugar,#ffdccc,
Glimpse into Space,#121210,
Glimpse of Void,#335588,
Glistening Dawn,#f6ba25,
Glitter is not Gold,#fedc57,
Glitter Lake,#44bbff,
Glitter Shower,#88ffff,
Glorious Green Glitter,#aaee11,
Glorious Sunset,#f88517,
Glossy Black,#110011,
Glow in the Dark,#befdb7,
Glow Worm,#bed565,
Glowing Lantern,#fbb736,
Glowing Meteor,#ee4400,
Glowlight,#fff6b9,
Go Go Green,#008a7d,
Go to Hell Black,#342c21,
Goblin Green,#76ff7a,
God of Rain,#4466cc,
Goddess,#d0e1e8,
Godzilla,#3c4d03,
Goku Orange,#f0833a,
Gold,#ffd700,
Gold Buttercup,#ffe8bb,
Gold Digger,#d1b075,
Gold Grillz,#ece086,
Gold Rush,#c4a777,
Gold Tooth,#dbb40c,
Gold Vein,#d6b956,
Gold Winged,#e6d682,
Golden Blood,#ff1155,
Golden Boy,#ffdd44,
Golden Churro,#f4ce74,
Golden Coin,#fcd975,
Golden Frame,#e2b31b,
Golden Ginkgo,#f9f525,
Golden Glitter Storm,#ead771,
Golden Harvest,#cccc11,
Golden Hour,#f1b457,
Golden Kingdom,#e0c84b,
Golden Lion,#f3ca6c,
Golden Mist,#d4c990,
Golden Nugget,#d78e48,
Golden Opportunity,#f7c070,
Golden Period,#fedb2d,
Golden Relic,#e8ce49,
Golden Retriever,#eedec7,
Golden Rod,#e1ae20,
Golden Spell,#fecc36,
Golden Sprinkles,#f6d263,
Golden Talisman,#e9c89b,
Goldfinch,#f8e462,
Goldfinger,#eebb11,
Goldfish,#f2ad62,
Goldie,#c89d3f,
Goldilocks,#fff39a,
Goldzilla,#cdd80d,
Golem,#836e59,
Golf Course,#5a9e4b,
Good Karma,#333c76,
Good Morning,#fcfcda,
Good Night!,#46565f,
Goose Bill,#ffba80,
Gory Red,#a30800,
Gossip,#9fd385,
Gotham,#807872,
Gothic,#698890,
Gothic Gold,#bb852f,
Gourmet Honey,#e3cba8,
Grain of Salt,#d8dbe1,
Gramps Shoehorn,#a3896c,
Grand Bleu,#015482,
Grand Casino Gold,#edcd62,
Grand Sunset,#c38d87,
Grandma’s Cameo,#f7e7dd,
Grandma’s Pink Tiles,#e0b8c0,
Granite,#746a5e,
Granola,#f5ce9f,
Grape,#6c3461,
Grape Candy,#905284,
Grape Fizz,#64435f,
Grape Green,#a8e4a0,
Grape Kiss,#82476f,
Grape Riot,#9b4682,
Grape Taffy,#f4daf1,
Grapefruit,#fd5956,
Grapes of Italy,#714a8b,
Grapest,#880066,
Graphite,#383428,
Graphite Black,#262a2b,
Grass,#5cac2d,
Grasshopper,#77824a,
Gratin Dauphinois,#e0d2a9,
Grauzone,#85a3b2,
Gravlax,#ec834f,
Greasy Greens,#117755,
Great Void,#3b5760,
Greedy Gecko,#aa9922,
Greek Goddess,#ede9ef,
Greek Olive,#a08650,
Green,#00ff00,
Green Bell Pepper,#228800,
Green Commando,#828039,
Green Envy,#77aa00,
Green Field,#88aa77,
Green Glimmer,#00bb00,
Green Glint,#dcf1c7,
Green Goblin,#11bb33,
Green Goddess,#76ad83,
Green Mana,#26b467,
Green not Found,#404404,
Green Olive,#8d8b55,
Green Priestess,#11dd55,
Green Relict,#7b8762,
Green Revolution,#009944,
Green Screen,#22ff00,
Green Symphony,#66aa22,
Green Tea,#b5b68f,
Green Tea Mochi,#90a96e,
Green Thumb,#779900,
Green Venom,#b8f818,
Green With Envy,#22bb33,
Greenfinch,#bda928,
Greenhorn,#b2cc9a,
Greenhouse,#3e6334,
Greenivorous,#cae03b,
Greensleeves,#39766c,
Gremlin,#a79954,
Grenadine Pink,#ff616b,
Grey,#808080,
Grey Area,#8f9394,
Grey Marble,#b9b4b1,
Grey Sheep,#baaaaa,
Grey Web,#616669,
Greybeard,#d4d0c5,
Greystone,#b7b9b5,
Griffin,#838585,
Grilled,#633f2e,
Grilled Tomato,#af3519,
Grim Grey,#e3dcd6,
Grim White,#f6f1f4,
Grisaille,#91979f,
Grizzly,#885818,
Groovy Giraffe,#eeaa11,
Groovy Lemon Pie,#d6be01,
Grotesque Green,#64e986,
Gruyère Cheese,#f5deb3,
Guacamole,#95986b,
Guardian of Gardens,#88aa22,
Guinea Pig,#987652,
Gull,#918c8f,
Gum Leaf,#acc9b2,
Gummy Dolphins,#06a9ca,
Gun Powder,#484753,
Gunmetal,#536267,
Guns N’ Roses,#ff0077,
Gunsmoke,#7a7c76,
H₂O,#bfe1e6,
Habañero,#f98513,
Habañero Gold,#fecf3c,
Haddock’s Sweater,#277aba,
Hadfield Blue,#1177ff,
Hairy Heath,#633528,
Haiti,#2c2a35,
Halloween,#fe653c,
Halloween Punch,#dd2211,
Halo,#e2c392,
Halt Red,#ff004f,
Hammam Blue,#65dcd6,
Hamster Fur,#a6814c,
Hamtaro Brown,#b07426,
Hanami Pink,#f2abe1,
Handmade,#7f735f,
Hanging Gardens of Babylon,#11aa44,
Happy Cement,#979ea1,
Happy Hearts,#d46362,
Happy Hippo,#818581,
Happy Piglets,#f6cbca,
Happy Skeleton,#faeed7,
Harbor Mist,#88aaaa,
Harbour Blue,#417491,
Hard Candy,#ffbbbb,
Harem Silk,#006383,
Harlock’s Cape,#bb0000,
Harvest at Dusk,#cb862c,
Harvest Gold,#eab76a,
Harvest Time,#cf875f,
Hatoba Pigeon,#95859c,
Haunted Candelabra,#57446a,
Haunted Forest,#032e0e,
Haunted Hills,#003311,
Haunted Purple,#991177,
Haute Couture,#a0252a,
Havana,#3b2b2c,
Hawaii Morning,#00bbff,
Hawaiian Raspberry,#ff0051,
Hay Day,#dacd81,
Haystacks,#cfac47,
Hazel,#a36b4b,
Hazelnut,#a8715a,
Hazelnut Chocolate,#7b3f00,
Hazelwood,#fff3d5,
Hazy Moon,#f1dca1,
Head in the Clouds,#d1dde1,
Heart of Ice,#f7fcff,
Heart Potion,#a97fb1,
Heartbeat,#aa0000,
Heartless,#623b70,
Heartwarming,#bf1818,
Heat Signature,#e3000e,
Heat Wave,#ff7a00,
Heather Berry,#e75480,
Heaven Gates,#c7f1ff,
Heavenly Sky,#6b90b3,
Heavy Brown,#73624a,
Heavy Charcoal,#565350,
Heavy Cream,#e8ddc6,
Heavy Green,#49583e,
Heavy Heart,#771122,
Heavy Metal,#46473e,
Heavy Orange,#ee4328,
Heavy Red,#9e1212,
Heavy Violet,#4f566c,
Hedge Garden,#00aa11,
Helium,#eae5d8,
Hello Darkness My Old Friend,#802280,
Hello Fall,#995533,
Hello Spring,#44dd66,
Hello Summer,#55bbff,
Hello Winter,#99ffee,
Helvetia Red,#f00000,
Hemp,#987d73,
Her Fierceness,#6f123c,
Her Highness,#432e6f,
Her Majesty,#f9a4a4,
Her Velour,#bb5f62,
Herbal,#29ab87,
Herbal Vapors,#ddffcc,
Herbal Whispers,#6b6d4e,
Herbalist,#969e86,
Herbalist’s Garden,#119900,
Herbivore,#88ee77,
Here Comes the Sun,#fcdf63,
Heroic Red,#d1191c,
Heron,#6a6887,
Herring Silver,#c6c8cf,
Hey Blue!,#16f8ff,
Hibernation,#6f5166,
Hibiscus,#b6316c,
Hickory,#b7a28e,
Hidden Paradise,#5e8b3d,
Hidden Sea Glass,#6fd1c9,
Hidden Valley,#689938,
High Blue,#4ca8e0,
High Dive,#59b9cc,
High Grass,#bbdd00,
High Seas,#7dabd8,
High Sierra,#cedee2,
High Tide,#85a6c8,
High Voltage,#eeff11,
Highland,#7a9461,
Highlander,#3a533d,
Highlands,#449084,
Highway to Hell,#cd1102,
Himalaya,#736330,
Himalayan Salt,#c07765,
Hindu Lotus,#ee4d83,
Hint of Blue,#cee1f2,
Hint of Green,#dfeade,
Hint of Mint,#dff1d6,
Hint of Orange,#f8e6d9,
Hint of Pink,#f1e4e1,
Hint of Red,#f6dfe0,
Hint of Yellow,#faf1cd,
Hinterland,#616c51,
Hippie Trail,#c6aa2b,
Hippy,#eae583,
Hipster Hippo,#bfb3ab,
Hipster Salmon,#fd7c6e,
Hive,#ffff77,
Hobgoblin,#01ad8f,
Hokkaido Lavender,#7736d9,
Hold Your Horses,#705446,
Hole In One,#4aae97,
Holland Tulip,#f89851,
Hollandaise,#ffee44,
Hollow Knight,#330055,
Holy Cannoli,#db783e,
Holy Crow,#332f2c,
Holy Ghost,#efe9e6,
Holy Grail,#e8d720,
Home Brew,#897b66,
Homegrown,#63884a,
Homeopathic Blue,#dbe7e3,
Homeopathic Green,#e1ebd8,
Homeopathic Lavender,#e5e0ec,
Homeopathic Lilac,#e1e0eb,
Homeopathic Lime,#e9f6e2,
Homeopathic Mint,#e5ead8,
Homeopathic Orange,#f2e6e1,
Homeopathic Red,#ecdbe0,
Homeopathic Rose,#e8dbdd,
Homeopathic Yellow,#ede7d7,
Homeworld,#2299dd,
Honey,#ae8934,
Honey and Thyme,#aaaa00,
Honey Bee,#fcdfa4,
Honey Bunny,#dbb881,
Honey Crisp,#e9c160,
Honey Do,#ededc7,
Honey Glow,#e8b447,
Honey Gold,#e1b67c,
Honey Teriyaki,#ee6611,
Honeycomb,#ddaa11,
Honeycomb Glow,#e4cf99,
Honeydew,#f0fff0,
Honeydew Sand,#eece8d,
Honeyed Glow,#efc488,
Honeypot,#ffc863,
Honeysuckle,#e8ed69,
Hong Kong Mist,#948e90,
Hong Kong Taxi,#a8102a,
Honied White,#fcefd1,
Honolulu Blue,#007fbf,
Horizon,#648894,
Hornet Sting,#ff0033,
Horror Snob,#d34d4d,
Horseradish,#e6dfc4,
Hot Beach,#fff6d9,
Hot Brown,#984218,
Hot Butter,#e69d00,
Hot Cacao,#a5694f,
Hot Caramel,#cc6e3b,
Hot Chilli,#b7513a,
Hot Chocolate,#683939,
Hot Cuba,#bb0033,
Hot Curry,#815b28,
Hot Flamin Chilli,#dd180e,
Hot Flamingo,#b35966,
Hot Fudge,#5e2912,
Hot Jazz,#bc3033,
Hot Lava,#aa0033,
Hot Lips,#c9312b,
Hot Magenta,#ff00cc,
Hot Pink,#ff028d,
Hot Sand,#ccaa00,
Hot Sauce,#ab4f41,
Hot Shot,#ec4f28,
Hotspot,#ff4433,
Hotter Butter,#e68a00,
Hotter Than Hell,#ff4455,
Hottest Of Pinks,#ff80ff,
Hourglass,#e5e0d5,
Howling Pink,#e50752,
Hulk,#008000,
Humble Blush,#e3cdc2,
Humble Hippo,#aaaa99,
Hummus,#eecc99,
Hunter,#33534b,
Hurricane,#8b7e77,
Hydra,#006995,
Hydro,#49747f,
Hyper Blue,#015f97,
Hyper Light Drifter,#eddbda,
Hyper Pink,#ec006c,
Hyperlink Blue,#0000ee,
Hyperpop Green,#17f9a6,
Hypnotic Green,#73e608,
Hypnotic Red,#cf0d14,
I Love You Pink,#d97d8f,
Ibis,#f4b3c2,
Ice,#d6fffa,
Ice Citadel,#b2f8f8,
Ice Climber,#25e2cd,
Ice Cold,#d2eaf1,
Ice Cube,#afe3d6,
Ice Dagger,#cee5df,
Ice Desert,#d1dce8,
Ice Ice,#baebae,
Ice Ice Baby,#00ffdd,
Ice Temple,#11ffee,
Iceberg,#dae4ee,
Icebreaker,#b7c2cc,
Iced Coffee,#aa895d,
Icelandic Winter,#d9e7e3,
Icy Breeze,#c4ecf0,
Icy Pink,#f5ced8,
Icy Plains,#cfdafb,
Igniting,#f4d69a,
Iguana,#878757,
Illicit Darkness,#00022e,
Illicit Green,#56fca2,
Illicit Pink,#ff5ccd,
Illicit Purple,#bf77f6,
Illuminati Green,#419168,
Illuminating,#eeee77,
Imperial,#602f6b,
Imperial Ivory,#f1e8d2,
Imperial Purple,#5b3167,
Imperial Red,#ec2938,
Imperial Yellow,#ffb200,
In A Pickle,#978c59,
In for a Penny,#ee8877,
In Good Taste,#b6d4a0,
In the Dark,#3b3c41,
In the Pink,#f4c4d0,
In the Red,#ff2233,
In the Shadows,#cbc4c0,
In the Twilight,#84838e,
In the Vines,#5c457b,
Inca Gold,#aa6d28,
Inca Yellow,#ffd301,
Incense,#af9a7e,
Inchworm,#b2ec5d,
Incision,#ff0022,
Incubation Red,#da1d38,
Indian Mesa,#d5a193,
Indian Pale Ale,#d5bc26,
Indian Red,#850e04,
Indian Saffron,#ff9933,
Indian Silk,#8a5773,
Indica,#588c3a,
Indigo,#4b0082,
Indochine,#9c5b34,
Indocile Tiger,#b96b00,
Inescapable Lover,#820e3b,
Infectious Love,#bb1177,
Inferno Orange,#ff4400,
Infinite Night,#071037,
Infinity,#222831,
Infinity and Beyond,#6e7e99,
Infinity Pool,#94d4e4,
Infrared,#fe486c,
Infusion,#c8d0ca,
Ink Black,#252024,
Inkblot,#393f4b,
Inkjet,#44556b,
Inkwell Inception,#1e1e21,
Inland Waters,#7c939d,
Innocent Snowdrop,#d0c7ff,
Insomniac Blue,#110077,
Instant Noodles,#f4d493,
Intense Passion,#df3163,
Intergalactic,#4d516c,
Intergalactic Cowboy,#222266,
Intergalactic Highway,#273287,
Intergalactic Settlement,#5b1e8b,
International Klein Blue,#002fa6,
Interstellar Blue,#001155,
Intimate Journal,#ccbb99,
Into the Blue,#4f7ba7,
Into the Green,#0d6c49,
Into the Night,#1e3642,
Into the Stratosphere,#425267,
Intoxicate,#11bb55,
Intrigue Red,#b24648,
Inuit Blue,#d8e4e7,
Iridescent,#3a5b52,
Irish Clover,#53734c,
Irish Coffee,#62422b,
Irish Moor,#b5c0b3,
Irish Spring,#90cca3,
Iron,#5e5e5e,
Iron Fist,#cbcdcd,
Iron Maiden,#d6d1dc,
Ironside,#7e8082,
Islamic Green,#009900,
Island Coral,#d8877a,
Isle of Dreams,#bcccb5,
Isolation,#494d55,
It’s a Girl!,#ffdae2,
Italian Basil,#5f6957,
Italian Grape,#413d4b,
Italian Roast,#221111,
Ivory,#fffff0,
Ivory Buff,#ebd999,
Ivory Tower,#fbf3f1,
Ivory Wedding,#edede4,
Ivy,#277b74,
Ivy Topiary,#67614f,
Jack and Coke,#920f0e,
Jack-O,#fb9902,
Jackpot,#d19431,
Jacuzzi,#007cac,
Jade,#00a86b,
Jade Jewel,#247e81,
Jade Palace,#d0eed7,
Jade Sea,#b8e0d0,
Jaffa,#e27945,
Jaguar,#29292f,
Jakarta,#efddc3,
Jalapeño,#9a8d3f,
Jalapeño Red,#c01141,
Jambalaya,#f7b572,
James Blonde,#f2e3b5,
Japanese Bonsai,#829f96,
Jasmine,#fff4bb,
Java,#259797,
Jazz,#5f2c2f,
Jazzy Jade,#55ddcc,
Jealous Jellyfish,#bb0099,
Jedi Night,#041108,
Jelly Berry,#ee1177,
Jelly Slug,#de6646,
Jellyfish Sting,#ee6688,
Jet Black,#353337,
Jet d’Eau,#d1eaec,
Jewel,#136843,
Jewel Beetle,#8cc90b,
Jewel Weed,#46a795,
Jigglypuff,#ffaaff,
Jinza Safflower,#ee827c,
Jittery Jade,#77eebb,
John Lemon,#eeff22,
Joker’s Smile,#d70141,
Jolly Jade,#77ccbb,
Jovial Jade,#88ddaa,
Joyous Red,#ae2719,
Jubilant Jade,#44aa77,
Jubilant Meadow,#7bb92b,
Juggernaut,#255367,
Juicy Lime,#b1cf5d,
Juicy Peach,#d99290,
Jumbo,#878785,
June Bud,#bdda57,
June Ivy,#416858,
Jungle,#00a466,
Jungle Civilization,#69673a,
Jungle Jam,#115511,
Jungle Jewels,#58a64b,
Jungle King,#4f4d32,
Jupiter,#e1e1e2,
Jurassic Park,#3c663e,
Just Pink Enough,#ffebee,
Juvie,#8abbd0,
Kabuki,#a73a3e,
Kabul,#6c5e53,
Kaiser Cheese,#eed484,
Kale,#648251,
Kaltes Klares Wasser,#0ffef9,
Kashmir,#6f8d6a,
Kathmandu,#ad9a5d,
Katy Berry,#aa0077,
Kefir,#d5d5ce,
Kelp,#4d503c,
Kelp Forest,#448811,
Kendall Rose,#f7cccd,
Kenyan Copper,#6c322e,
Kermit Green,#5cb200,
Ketchup,#9a382d,
Ketchup Later,#a91c1c,
Khaki,#c3b091,
Kid Icarus,#a81000,
Kilimanjaro,#3a3532,
Kimchi,#ed4b00,
Kimono,#6d86b6,
Kindleflame,#e9967a,
King Kong,#161410,
King Lime,#add900,
King Lizard,#77dd22,
King Nacho,#ffb800,
King Neptune,#7794c0,
King of Waves,#c6dce7,
King Triton,#3c85be,
King’s Plum Pie,#b3107a,
Kingfisher Daisy,#583580,
Kingly Cloud,#dedede,
Kingpin Gold,#de9930,
Kings Yellow,#ead665,
Kinky Pinky,#ee55cc,
Kirby,#d74894,
Kirsch,#b2132b,
Kiss,#d28ca7,
Kiss A Frog,#bec187,
Kiss Me More,#de6b86,
Kiss of a Vampire,#8a0009,
Kiss of the Scorpion,#dc331a,
Kissable,#fd8f79,
Kissed by Mist,#fcccf5,
Kisses,#ff66bb,
Kisses and Hugs,#ff6677,
Kitten’s Eye,#8aadf7,
Kitty Kitty,#c7bdb3,
Kiwi,#749e4e,
Kiwi Crush,#7bc027,
Kiwi Kiss,#eef9c1,
Knight Rider,#0f0707,
Knight’s Armor,#5c5d5d,
Knit Cardigan,#6d6c5f,
Knock On Wood,#9f9b84,
Knockout,#c42b2d,
Kobe,#882d17,
Köfte Brown,#773644,
Koi,#d2663b,
Kombucha,#d89f66,
Komodo Dragon,#b38052,
Koopa Green Shell,#58d854,
Koromiko,#feb552,
Kosher Khaki,#888877,
Kryptonite Green,#439946,
La La Love,#bf90bb,
La Luna,#ffffe5,
La Palma,#428929,
LA Vibes,#eeccdd,
La Vie en Rose,#d2a5a3,
Labrador,#f2ecd9,
Lacquered Liquorice,#383838,
Lacrosse,#2e5c58,
Lagoon,#4b9b93,
Laguna,#36a5c9,
Lake Lucerne,#689db7,
Laksa,#e6bf95,
Lama,#e0bb95,
Lambs Wool,#e6d1b2,
Landjäger,#af403c,
Langoustine,#dc5226,
Lapis on Neptune,#1f22d2,
Larb Gai,#dfc6aa,
Laser Lemon,#ffff66,
Laser Trap,#ff3f6a,
Last of Lettuce,#aadd66,
Last of the Lilacs,#cbbbcd,
Last Straw,#e3dbcd,
Last Warning,#d30f3f,
Lasting Lime,#88ff00,
Later Gator,#008a51,
Latte,#c5a582,
Lava,#cf1020,
Lava Pit,#e46f34,
Lava Rock,#535e64,
Lava Stone,#3c4151,
Lavender,#b56edc,
Lavender Ash,#9998a7,
Lavender Bliss,#cec3dd,
Lavender Candy,#fcb4d5,
Lavish Spending,#8469bc,
Lawn Green,#4da409,
Lazy Daisy,#f6eba1,
Lazy Lizard,#9c9c4b,
Le Grand Bleu,#244e94,
Lead,#212121,
Leaf,#71aa34,
Leafy,#679b6a,
Leafy Canopy,#aacc11,
Leafy Lemon,#c0f000,
Leafy Lush,#08690e,
Leafy Woodland,#aabb11,
Leapfrog,#41a94f,
Leather,#906a54,
Leek,#98d98e,
Left on Red,#ff0303,
Legendary Lavender,#9d61d4,
Lemon,#fff700,
Lemon Burst,#fed67e,
Lemon Curd,#ffee11,
Lemon Grass,#999a86,
Lemon Meringue,#f6e199,
Lemon Tart,#ffdd66,
Lemon Zest,#f9d857,
Lemonade,#efe499,
Les Demoiselles d’Avignon,#e59d7b,
Let it Snow,#d8f1f4,
Lethal Lime,#88ff11,
Liaison,#8c3f52,
Lichen,#8ebaa6,
Lick and Kiss,#ee5577,
Lifeguard,#e50000,
Lifeline,#990033,
Light Blue,#add8e6,
Light Blush,#e9c4cc,
Light Brown,#b5651d,
Light Green,#76ff7b,
Light Grey,#d8dcd6,
Light Lilac,#dcc6d2,
Light Mint,#b6ffbb,
Light My Fire,#f8611a,
Light Pink,#ffd1df,
Light Red,#ff7f7f,
Light Spirited,#d8eee7,
Light Yellow,#fffe7a,
Lighthouse,#f3f4f4,
Lighthouse Glow,#f8d568,
Lightning Bolt,#e5ebe6,
Lightning Bug,#efde74,
Lights Out,#3d474b,
Lilac,#cea2fd,
Lilac Lace,#c6a1cf,
Lilac Lotion,#ff3388,
Lilac Spring,#8822cc,
Lily,#c19fb3,
Lily Pads,#6db083,
Lima,#a9f971,
Lime,#aaff32,
Lime Fizz,#cfe838,
Lime Mist,#ddffaa,
Lime Punch,#c0d725,
Lime Twist,#c6d624,
Lime Zest,#ddff00,
Limestoned,#a7cca4,
Limolicious,#97b73a,
Limon,#f7eb73,
Limonana,#11dd66,
Limoncello,#bfff00,
Lincoln Green,#195905,
Lindworm Green,#172808,
Linen,#faf0e6,
Lingering Storm,#858381,
Link to the Past,#d2b48c,
Lion,#c19a62,
Lion King,#dd9933,
Lion’s Roar,#f5dab3,
Lionheart,#cc2222,
Lip Gloss,#dfcdc7,
Lipstick,#c95b83,
Lipstick Illusion,#d4696d,
Liquid Denim,#2d3796,
Liquid Gold,#fdc675,
Liquid Lava,#f77511,
Liquid Lime,#cdf80c,
Liquid Neon,#c8ff00,
Liquorice,#0a0502,
Liquorice Red,#740900,
Lit,#fffed8,
Little Ladybug,#ff1414,
Little Lamb,#eae6d7,
Little Mermaid,#2d454a,
Little Princess,#e6aac1,
Liver,#654a46,
Lizard,#7b6943,
Llilacquered,#c35b99,
Lobster,#bb240c,
Local Curry,#cb9e34,
Loch Ness,#5f6db0,
Lolita,#bf2735,
Lollipop,#d91e3f,
Lone Hunter,#94c84c,
Lonely Chocolate,#4a0a00,
Lonestar,#522426,
Long Beach,#faefdf,
Long-Haul Flight,#002277,
Looney Blue,#11ffff,
Lords of the Night,#664488,
Lost at Sea,#8d9ca7,
Lost Golfer,#74af54,
Lost in Heaven,#002489,
Lost in Space,#03386a,
Lost in the Woods,#014426,
Lost in Time,#9fafbd,
Lost Space,#969389,
Lotion,#fefdfa,
Lotus Flower,#f4f0da,
Loud Lime,#88ff22,
Loudicious Pink,#d92fb4,
Love Affair,#ffbec8,
Love Dust,#eb94da,
Love Fumes,#fdd0d5,
Love Goddess,#cd0d0d,
Love Juice,#cc1155,
Love Letter,#e4658e,
Love Potion,#ce145e,
Love Priestess,#bb55cc,
Love Spell,#f8b4c4,
Love Surge,#ce1d51,
Love Vessel,#ee0099,
Loveland,#e6718d,
Lovely Breeze,#f9d8e4,
Lovely Little Rosy,#e35f66,
Lox,#ec9079,
Lucid Dream,#632f92,
Lucid Dreams,#cceeff,
Lucius Lilac,#baa2ce,
Lucky,#ab9a1c,
Lucky Clover,#008400,
Lucky Grey,#777777,
Lucky Lobster,#cc3322,
Lucky Penny,#bc6f37,
Ludicrous Lemming,#bb8877,
Luigi,#4cbb17,
Lumberjack,#9d4542,
Luna,#d4d8ce,
Lunar Base,#878786,
Lunar Landing,#d2cfc1,
Lunar Light,#9b959c,
Lunar Luxury,#fbf4d6,
Lunar Outpost,#828287,
Lunatic Lynx,#ddaa88,
Lurid Lettuce,#b4f319,
Luscious Lemongrass,#517933,
Lush,#c5bda0,
Lush Bamboo,#afbb33,
Lush Garden,#008811,
Lush Grass,#468d45,
Lush Green,#bbee00,
Lush Paradise,#2e7d32,
Lush Plains,#22bb22,
Lust,#e62020,
Lustful Wishes,#cc4499,
Lusty Lavender,#8d5eb7,
Lusty Lips,#d5174e,
Lusty Lizard,#00bb11,
Luxor Gold,#ab8d3f,
Luxurious,#d4b75d,
Luxurious Lime,#88ee22,
Lynx,#604d47,
M. Bison,#b4023d,
Macabre,#880033,
Macadamia,#e1ccaf,
Macaroni,#f3d085,
Macaroni and Cheese,#ffb97b,
Macaroon,#b38b71,
Macau,#46c299,
Machinery,#9999aa,
Machu Picchu Gardens,#99bb33,
Mad For Mango,#f8a200,
Made in the Shade,#6b717a,
Mademoiselle Pink,#f504c9,
Madonna,#3f4250,
Madras,#473e23,
Magenta,#ff00ff,
Magenta Affair,#aa44dd,
Magenta Elephant,#de0170,
Magenta Fizz,#ed24ed,
Magenta Memoir,#b4559b,
Magentarama,#cf3476,
Magentle,#aa11aa,
Magentleman,#aa22bb,
Magento,#bf3cff,
Magic Carpet,#9488be,
Magic Ink,#0247fe,
Magic Magenta,#7f4774,
Magic Potion,#ff4466,
Magical Merlin,#3d8ed0,
Magical Moonlight,#f0eeeb,
Magical Stardust,#eaeadb,
Magma,#ff4e01,
Magna Cum Laude,#dd0066,
Magnesium,#c1c2c3,
Magnet,#525054,
Magnetic,#b2b5af,
Magnificent Magenta,#ee22aa,
Magnolia,#fff9e4,
Magnolia Petal,#f7eee3,
Maharaja,#3f354f,
Mahogany,#c04000,
Mai Tai,#a56531,
Maiden’s Blush,#f3d3bf,
Maison Verte,#e5f0d9,
Maize,#f4d054,
Maizena,#fbec5e,
Majestic Dune,#f3bc80,
Majestic Eggplant,#443388,
Majestic Elk,#ad9a84,
Majestic Evergreen,#7d8878,
Majestic Magenta,#ee4488,
Majestic Magic,#555570,
Majesty,#673e6e,
Major Brown,#61574e,
Major Magenta,#f246a7,
Majorelle Gardens,#337766,
Makin it Rain,#88bb55,
Malevolent Mauve,#bb6688,
Malibu,#66b7e1,
Malibu Sun,#fff2d9,
Mallard,#254855,
Malt,#ddcfbc,
Mamba,#766d7c,
Man Cave,#816045,
Mana Tree,#4f7942,
Mandarin,#f37a48,
Mandarin Rind,#f1903d,
Manga Pink,#f5b9d8,
Mangala Pink,#e781a6,
Mango,#ffa62b,
Mango Cheesecake,#fbedda,
Mango Latte,#ffbb4d,
Mango Madness,#fd8c23,
Mango Tango,#ff8243,
Mangrove,#757461,
Manhattan,#e2af80,
Maniac Green,#009000,
Maniac Mansion,#004058,
Mantis,#74c365,
Maple Syrup,#bb9351,
Maraschino,#ff2600,
Marble Grape,#dee2c7,
Marble Quarry,#e2dcd7,
Marble White,#f2f0e6,
Marigold,#fcc006,
Marilyn MonRouge,#c9001e,
Marina,#5a88c8,
Marinara Red,#ff0008,
Marine,#042e60,
Mario,#e4000f,
Maritime,#bdcfea,
Maritime Outpost,#1e4581,
Maroon,#800000,
Mars,#ad6242,
Marsh Fog,#c6d8c7,
Marshmallow,#f0eee4,
Marshmallow Heart,#f9dce3,
Marsupilami,#fdf200,
Martian,#aea132,
Martian Cerulean,#57958b,
Martian Colony,#e5750f,
Martini,#b7a8a3,
Masala,#57534b,
Mascarpone,#ece6d4,
Master Chief,#507d2a,
Master Key,#ddcc88,
Master Nacho,#ffb81b,
Master Sword Blue,#00ffee,
Matcha Mecha,#9faf6c,
Matt Black,#151515,
Matt Blue,#2c6fbb,
Matt Demon,#dd4433,
Matt Green,#39ad48,
Matt Lilac,#dec6d3,
Matt Pink,#ffb6c1,
Matt Purple,#9370db,
Matt White,#ffffd4,
Matterhorn,#524b4b,
Mature Cognac,#9a463d,
Mauve,#e0b0ff,
Mauve It,#bb4466,
Mauve Magic,#bf91b2,
Mauvelous,#d6b3c0,
May Green,#4c9141,
Mayan Treasure,#ce9844,
Mayonnaise,#f6eed1,
McNuke,#33ff11,
Meadow Morn,#aebea6,
Meadow Yellow,#f7da90,
Mean Girls Lipstick,#ff00ae,
Meat,#f08080,
Meatloaf,#663311,
Mecha Kitty,#d0c4d3,
Mecha Metal,#848393,
Medallion,#c3a679,
Medieval Blue,#2e3858,
Mediterranea,#39636a,
Mediterranean Blue,#1682b9,
Mediterranean Sea,#1e8cab,
Medium Roast,#3c2005,
Medlar,#d5d7bf,
Mega Metal Mecha,#dfcbcf,
Megaman,#3cbcfc,
Melancholia,#12390d,
Melanzane,#342931,
Mellow Apricot,#f8b878,
Mellow Mango,#cc4400,
Mellow Melon,#ee2266,
Mellow Mint,#ddedbd,
Mellow Yellow,#f8de7f,
Melodramatic Magenta,#dd22aa,
Melon,#ff7855,
Melondrama,#ee8170,
Melting Glacier,#e9f9f5,
Melting Point,#cbe1e4,
Memory Lane,#c7d1db,
Mental Floss,#deb4c5,
Menthol Kiss,#a0e2d4,
Mercurial,#b6b0a9,
Mercury,#ebebeb,
Merguez,#650021,
Meringue,#f3e4b3,
Merino,#e1dbd0,
Merlot,#730039,
Merlot Fields,#712735,
Merlot Magic,#b64055,
Mermaid Blues,#004477,
Mermaid Dreams,#0088bb,
Mermaid Tears,#d9e6a6,
Mermaid’s Kiss,#59c8a5,
Metal,#babfbc,
Metal Gear,#a2c3db,
Metal Petal,#b090b2,
Metallic,#bcc3c7,
Meteor,#bb7431,
Meteor Shower,#5533ff,
Meteorite,#4a3b6a,
Methadone,#cc2233,
Metroid Red,#f83800,
Metropolis,#61584f,
Metropolitan Silhouette,#3e4244,
Mexican Chile,#d16d76,
Mexican Standoff,#ec9f76,
Microchip,#babcc0,
Midnight,#03012d,
Midnight Dreams,#002233,
Midnight Edition,#0c121b,
Midnight Express,#21263a,
Midnight in Tokyo,#000088,
Midnight Interlude,#32496f,
Midnight Masquerade,#2c2e47,
Midnight Melancholia,#002266,
Midnight Mirage,#001f3f,
Midnight Ocean,#0f2d4d,
Midnight Pie,#372d52,
Midnight Pines,#17240b,
Midnight Serenade,#41434e,
Midnight Shadow,#566373,
Midnight Sky,#424753,
Midnight Velvet,#2a2243,
Midori,#2a603b,
Midsummer Nights,#0011ee,
Mighty Mauve,#8f7f85,
Mikado Yellow,#ffc40c,
Militant Vegan,#229955,
Milk,#fdfff5,
Milk and Cookies,#e9e1df,
Milk Chocolate,#7f4e1e,
Milk Foam,#f6ffe8,
Milk Mustache,#faf3e6,
Milk Tooth,#faebd7,
Mille-Feuille,#efc87d,
Millennial Pink,#f6c8c1,
Million Grey,#999999,
Mimi Pink,#ffdae9,
Mimosa,#f5e9d5,
Mindaro,#daea6f,
Minestrone,#c72616,
Ming,#407577,
Minion Yellow,#fece4e,
Mink,#8a7561,
Minotaurus Brown,#882211,
Mint,#3eb489,
Mint Bliss,#7effba,
Mint Chip,#cfebea,
Mint Coffee,#ccffee,
Mint Twist,#98cbba,
Mint-o-licious,#b6e9c8,
Mintastic,#afffd5,
Minted Blueberry Lemonade,#b32651,
Minted Elegance,#6ec9a3,
Mintnight,#7cbbae,
Minty Fresh,#d2f2e7,
Minty Paradise,#00ffbb,
Minute Mauve,#f2e4f5,
Mississippi River,#3b638c,
Misty Cold Sea,#83bbc1,
Misty Harbor,#65769a,
Misty Haze,#cec9c3,
Misty Marsh,#d3e1d3,
Misty Morning,#b2c8bd,
Misty Mountains,#c0d0e6,
Mithril,#878787,
Miyamoto Red,#e4030f,
Moccasin,#fbebd6,
Mocha,#9d7651,
Mocha Delight,#8e664e,
Mocha Ice,#dfd2ca,
Mocha Madness,#8b6b58,
Mochaccino,#945200,
Mochito,#8efa00,
Modern Monument,#d6d6d1,
Moelleux Au Chocolat,#553311,
Mohalla,#a79b7e,
Mojito,#e4f3e0,
Molasses,#574a47,
Mole,#392d2b,
Molten Caramel,#bb7a39,
Molten Core,#ff5800,
Molten Gold,#e8c690,
Mom’s Pancake,#f5c553,
Momo Peach,#f47983,
Mona Lisa,#ff9889,
Monet Magic,#c1acc3,
Money,#7b9a6d,
Monkey Island,#553b39,
Monstera,#5f674b,
Monstrous Green,#22cc11,
Mont Blanc,#9eb6d8,
Montezuma Gold,#eecc44,
Montreux Blue,#5879a2,
Monument,#84898c,
Monument Valley,#ad5c34,
Monza,#c7031e,
Moon Base,#7d7d77,
Moon Glow,#f5f3ce,
Moon Landing,#a7a7a7,
Moon Rock,#897d76,
Moon Veil,#8d99b1,
Moonbeam,#c2b8ae,
Moondance,#e5decc,
Moonless Mystery,#1e2433,
Moonless Night,#3c393d,
Moonless Sky,#444b4a,
Moonlight,#f6eed5,
Moonlight Mauve,#ca83a7,
Moonlit Forest,#3e6d6a,
Moonraker,#c0b2d7,
Moonscape,#806b77,
Moonwalk,#bebec4,
Moor-Monster,#1f5429,
Moorland,#a6ab9b,
Morbid Princess,#9e0e64,
Morel,#73645c,
Morning Bread,#e7e6de,
Morning Mist,#e5edf1,
Morning Snow,#f5f4ed,
Moroccan Blue,#115674,
Morocco,#b67267,
Morris Leaf,#c2d3af,
Mosque,#005f5b,
Moss,#009051,
Mosslands,#779966,
Mossy,#857349,
Mossy Glossy,#789b4a,
Moth,#cbc1a2,
Mother Earth,#849c8d,
Mother Nature,#bde1c4,
Mother’s Milk,#f7edca,
Motherland,#bcb667,
Mothy,#cebbb3,
Mount Eden,#e7efe0,
Mount Olympus,#d4ffff,
Mountain Dew,#cfe2e0,
Mountain Peak,#e9e0d4,
Mountain View,#394c3b,
Moutarde de Bénichon,#bf9005,
Ms. Pac-Man Kiss,#ff00aa,
Mt. Rushmore,#7f8181,
Muddy,#a13905,
Muddy Brown,#886806,
Muddy Green,#657432,
Muddy Mauve,#e4b3cc,
Muddy Olive,#4b5d46,
Muddy Quicksand,#c3988b,
Muddy Rose,#e2beb4,
Muddy Yellow,#bfac05,
Muesli,#9e7e53,
Muffled White,#dadbe2,
Mulberry,#920a4e,
Mule,#827b77,
Mulled Cider,#a18162,
Mummy’s Tomb,#828e84,
Munch On Melon,#f23e67,
Munsell Blue,#0093af,
Munsell Yellow,#efcc00,
Murasaki,#4f284b,
Murderous Magenta,#b3205f,
Murmur,#c7cfc7,
Muscat Blanc,#ebe2cf,
Mushroom,#bdaca3,
Mushroom Forest,#8e8062,
Mushroom Risotto,#dbd0ca,
Mustang,#5e4a47,
Mustard,#ceb301,
Mustard Musketeers,#d5a129,
Mustard Seed,#c69f26,
Mutabilis,#c29594,
Muted Berry,#91788c,
Muted Blue,#3b719f,
Muted Clay,#cf8a78,
Muted Green,#5fa052,
Muted Lime,#d0c678,
Muted Mauve,#b3a9a3,
Muted Pink,#d1768f,
Muted Purple,#805b87,
MVS Red,#ee0000,
Mykonos,#387abe,
Myrtle,#21421e,
Mysterious Blue,#3e7a85,
Mysterious Depths,#060929,
Mysterious Mixture,#0f521a,
Mysterious Waters,#27454a,
Mystery Mint,#bbefd3,
Mystic Blue,#48a8d0,
Mystic Magenta,#e02e82,
Mystic Nights,#4b2c74,
Mystic White,#ebebe9,
Mystical Shadow,#352b30,
Mystifying Magenta,#c920b0,
Mythical Night,#1c2e63,
Nacho,#ffcb5d,
Nacho Cheese,#ffbb00,
Naga Viper Pepper,#ed292b,
Naked Noodle,#f7cb6e,
Namibia,#7c6d61,
Naples Yellow,#fada5f,
Napoleonic Blue,#2c4170,
Narwhal Grey,#080813,
Nattō,#c79843,
Natural Light,#f1ebc8,
Natural Orchestra,#4c9c77,
Natural Order,#77b033,
Natural Wool,#fff6d7,
Nature,#bfd5b3,
Naughty Hottie,#ba403a,
Nautical,#2e4a7d,
Nautical Creatures,#295c7a,
Nautilus,#273c5a,
Naval,#41729f,
Naval Adventures,#072688,
Naval Blue,#384b6b,
Naval Night,#011c39,
Near Moon,#5ee7df,
Nebula,#a104c3,
Nebulous,#c4b9b8,
Necklace Pearl,#f6eeed,
Nectar,#ecdacd,
Nectar Jackpot,#f0d38f,
Nectarine,#ff8656,
Negishi Green,#938b4b,
Negroni,#eec7a2,
Neo Mint,#aaffcc,
Neon Blue,#04d9ff,
Neon Boneyard,#dfc5fe,
Neon Carrot,#ff9832,
Neon Fuchsia,#fe4164,
Neon Green,#39ff14,
Neon Pink,#fe019a,
Neon Purple,#bc13fe,
Neon Red,#ff073a,
Neon Romance,#e9023a,
Neon Rose,#ff0080,
Neon Violet,#674876,
Neon Yellow,#cfff04,
Neptune Green,#7fbb9e,
Neptune’s Dream,#003368,
Nero,#252525,
Nervous Neon Pink,#ff6ec7,
Netherworld,#881111,
Nettle,#bbac7d,
Never Forget,#a67283,
Nevermind Nirvana,#7bc8f6,
New Gold,#ead151,
New Heights,#d0e5f2,
New Love,#c6bbdb,
Niagara Falls,#cbe3ee,
Nickel,#929292,
Nicotine Gold,#eebb33,
Night Edition,#20586d,
Night Kite,#005572,
Night Market,#4c6177,
Night Mode,#234e86,
Night Owl,#5d7b89,
Night Rendezvous,#66787e,
Night Rider,#332e2e,
Night Sky,#292b31,
Night Snow,#aaccff,
Night Watch,#3c4f4e,
Nightfall,#43535e,
Nightlife,#27426b,
Nightly Activities,#2e5090,
Nightly Expedition,#221188,
Nightly Walk,#544563,
Nightmare,#112211,
Nile,#afb982,
Nimbus Cloud,#c8c8cc,
Ninja Princess,#75528b,
Ninja Turtle,#94b1a9,
Nipple,#bb7777,
Nippon,#bc002c,
Nirvana,#a2919b,
No Way Rosé,#fbaa95,
№5,#f8d68b,
Noble Black,#202124,
Noble Chocolate,#6d4433,
Noble Cream,#e1dace,
Noble Knight,#394d78,
Noble Plum,#871f78,
Noble Red,#92181d,
Nocturnal,#767d86,
Nocturnal Expedition,#114c5a,
Nocturne,#344d58,
Nocturne Blue,#37525f,
Nocturne Red,#7a4b56,
Noir,#312b27,
Noir Fiction,#150811,
Noir Mystique,#1f180a,
Nomad,#a19986,
Noodles,#f9e3b4,
Nordic Breeze,#d3dde7,
Nordic Noir,#003344,
North Atlantic,#5e7b7f,
North Star,#f2dea4,
Northern Star,#ffffea,
Northwind,#cee5e9,
Norway,#a4b88f,
Not Yet Caramel,#b1714c,
Not Yo Cheese,#ffc12c,
Nougat,#ae8a78,
Nouveau-Riche,#ffbb77,
Novel Lilac,#c2a4c2,
Noxious,#89a203,
Nuclear Acid,#ecf474,
Nuclear Blast,#bbff00,
Nuclear Mango,#ee9933,
Nuclear Meltdown,#44ee00,
Nuclear Throne,#00de00,
Nude Flamingo,#e58f7c,
Nude Lips,#b5948d,
Nugget,#bc9229,
Nuit Blanche,#1e488f,
Nut Cracker,#816c5b,
Nutmeg,#7e4a3b,
NYC Taxi,#f7b731,
Nylon,#e9e3cb,
Nymph’s Delight,#7b6c8e,
O Tannenbaum,#005522,
Oak Barrel,#715636,
Oak Palace,#bb6b41,
Oakwood,#bda58b,
Oasis,#0092a3,
Oat Milk,#dedacd,
Oatmeal,#c9c1b1,
Oatmeal Cookie,#eadac6,
Oblivion,#000435,
Obscure Ogre,#771908,
Obsidian,#445055,
Obsidian Shard,#060313,
Ocean Blue,#009dc4,
Ocean Blues,#508693,
Ocean Breeze,#d3e5eb,
Ocean Slumber,#41767b,
Ocean’s Embrace,#306a78,
Oceanic Motion,#1d5c83,
Ochre Spice,#e96d03,
Oh Boy!,#bbdaf8,
Oh Em Ghee,#e3c81c,
Oh My Gold,#eebb55,
Oh Pistachio,#abca99,
Oil,#313330,
Old Gold,#cfb53b,
Old Heart,#e66a77,
Old Rose,#c08081,
Old Silver,#848482,
Old Study,#431705,
Old Whiskey,#ddaa55,
Old World,#91a8cf,
Olivary,#6e592c,
Olive,#808010,
Olive Bark,#5f5537,
Olive Conquering White,#e4e5d8,
Olive Leaf,#4e4b35,
Olive Niçoise,#88432e,
Olive Tree,#aba77c,
Olivia,#996622,
Olympian Blue,#1c4c8c,
Olympic Blue,#4f8fe6,
Olympus White,#d4d8d7,
OMGreen,#8ca891,
On Cloud Nine,#c2e7e8,
Once Bitten,#bd2f10,
Once in a Blue Moon,#0044bb,
One Minute to Midnight,#003388,
One Year of Rain,#29465b,
Onion Skin,#eeeddf,
Onsen,#66eebb,
Onyx,#464544,
Opal,#aee0e4,
Opal Fire,#e49c86,
Opal Flame,#e95c4b,
Opal Green,#157954,
Open Book,#f5f1e5,
Open Seas,#83afbc,
Opera,#816575,
Opium,#987e7e,
Opulent Blue,#0055ee,
Opulent Lime,#88dd11,
Opulent Orange,#f16640,
Opulent Purple,#673362,
Opulent Turquoise,#88ddcc,
Orange,#ffa500,
Orange Clown Fish,#ff550e,
Orange Crush,#ee7733,
Orange Delight,#ffc355,
Orange Juice,#ff7f00,
Orange Piñata,#ff6611,
Orange Soda,#fa5b3d,
Orangealicious,#ee5511,
Orangina,#fec615,
Orb of Discord,#772299,
Orb of Harmony,#eedd44,
Orbital,#6d83bb,
Orbital Kingdom,#220088,
Orchid,#7a81ff,
Organic,#747261,
Oriole,#ff8008,
Ottoman Red,#ee2222,
Our Little Secret,#a84b7a,
Out of the Blue,#1199ee,
Outback,#c9a375,
Outer Space,#314e64,
Over the Hills,#4d6d08,
Over the Moon,#abb8d5,
Over the Sky,#98d5ea,
Overdue Blue,#4400ff,
Overgrown,#88dd00,
Overgrown Citadel,#888844,
Overgrown Mausoleum,#448833,
Overgrown Temple,#116611,
Overgrowth,#88cc33,
Oxblood,#800020,
Oyster,#e3d3bf,
Oyster Island,#efefe5,
Pac-Man,#ffe737,
Pacific,#24646b,
Pacific Blue,#1ca9c9,
Pacific Depths,#004488,
Pacific Navy,#25488a,
Pacific Pleasure,#167d97,
Packing Paper,#ba9b5d,
Paella,#dcc61f,
Paid in Full,#8c8e65,
Painter’s Canvas,#f9f2de,
Pale Canary,#f1efa6,
Pale King’s Blue,#abf5ed,
Pale Sky,#bdf6fe,
Pale Whale,#b6d3df,
Palladian,#eee9df,
Palm,#afaf5e,
Palm Leaf,#36482f,
Pan Purple,#657aef,
Pancake,#f7d788,
Pandora’s Box,#fedbb7,
Panela,#9b5227,
Pani Puri,#f4aa53,
Panorama,#327a88,
Pansy,#f75394,
Paolo Veronese Green,#009b7d,
Papaya,#fe985c,
Paper Heart,#f7dbc7,
Paper Hearts,#cc4466,
Paper Plane,#f1ece0,
Paper White,#f6efdf,
Paprika,#7c2d37,
Paprika Kisses,#c24325,
Papyrus,#999911,
Paradise Bird,#ff8c55,
Paradise Island,#5aa7a0,
Paradise Pink,#e4445e,
Paradiso,#488084,
Parchment,#fefcaf,
Parfait,#c8a6a1,
Paris Paving,#737274,
Parisian Patina,#7d9b89,
Parma Ham,#f89882,
Parmesan,#ffffdd,
Parsley Sprig,#3d7049,
Partial Pink,#ffedf8,
Party Pig,#ee99ff,
Party Sponge Cake,#eedf91,
Passion Flower,#6f5698,
Passion for Revenge,#dd0d06,
Passion Plum,#9c5f77,
Passion Potion,#e398af,
Passionate Plum,#753a58,
Pasta,#f7dfaf,
Pasta Luego,#fae17f,
Pasta Rasta,#eec474,
Pastel Blue,#a2bffe,
Pastel Brown,#836953,
Pastel Day,#dfd8e1,
Pastel de Nata,#f2c975,
Pastel Green,#77dd77,
Pastel Grey,#cfcfc4,
Pastel Lavender,#d8a1c4,
Pastel Lilac,#bdb0d0,
Pastel Magenta,#f49ac2,
Pastel Mint,#cef0cc,
Pastel Orange,#ff964f,
Pastel Pea,#bee7a5,
Pastel Pink,#dea5a4,
Pastel Purple,#b39eb5,
Pastel Red,#ff6961,
Pastel Smirk,#deece1,
Pastel Turquoise,#99c5c4,
Pastel Violet,#cb99c9,
Pastel Yellow,#fdfd96,
Pastrami,#e87175,
Pastry,#f8deb8,
Patina,#639283,
Patisserie,#eddbc8,
Pāua,#2a2551,
Paved With Gold,#e8d284,
Paying Mantis,#70916c,
PCB Green,#002d04,
Pea,#a4bf20,
Peace & Quiet,#e0dac8,
Peach,#ffb07c,
Peach Beach,#fdcfa1,
Peach Bud,#fdb2ab,
Peach Cream,#fff0db,
Peach Crème Brûlée,#ffe19d,
Peach Dunes,#b3695f,
Peach Fizz,#ffa883,
Peach Fury,#f88435,
Peach Fuzz,#ffc7b9,
Peach Puff,#ffdab9,
Peach Punch,#f59997,
Peach Scone,#ffbcbc,
Peach Taffy,#f3b68e,
Peach Velour,#f7b28b,
Peach’s Daydream,#fd9b88,
Peaches of Immortality,#d98586,
Peachy Feeling,#ed8666,
Peachy Milk,#f3e0d8,
Peachy Pinky,#ff775e,
Peachy-Kini,#f1bf92,
Peacock Pride,#006663,
Peanut,#7a4434,
Peanut Butter,#be893f,
Peanut Butter Biscuit,#f7b565,
Peanut Butter Chicken,#ffb75f,
Peanut Butter Jelly,#ce4a2d,
Pear,#d1e231,
Pearl,#eae0c8,
Pearl Brite,#e6e6e3,
Pearl Powder,#faffed,
Pearl White,#f3f2ed,
Pearly,#f4e3df,
Pearly Pink,#ee99cc,
Peas Please,#8c7f3c,
Peat Brown,#5a3d29,
Pebble,#9d9880,
Pebble Beach,#7f8285,
Pecan,#a67253,
Pedigrey,#8f8e8c,
Peek a Blue,#c5e1e1,
Peekaboo,#e6dee6,
Pegasus,#e8e9e4,
Pelati,#ff3333,
Pelican,#c1bcac,
Pepper Green,#007d58,
Peppermint,#d7e7d0,
Pepperoni,#aa4400,
Peppy Peacock,#55ccbb,
Peppy Pineapple,#ffff44,
Perfect Dark,#313390,
Perfect Pink,#e5b3b2,
Perfume Cloud,#e2c9ce,
Perfume Haze,#f3e9f7,
Pergament,#bfa58a,
Peri Peri,#c62d2c,
Periwinkle,#8e82fe,
Perkin Mauve,#733c8e,
Permafrost,#98eff9,
Perrywinkle,#8f8ce7,
Persian Luxury Purple,#990077,
Persian Melon,#ffdcbf,
Persian Mosaic,#206874,
Persian Red,#cc3333,
Persicus,#ffb49b,
Persimmon,#e59b34,
Peru,#cd853f,
Pestering Pesto,#119922,
Pesto,#c1b23e,
Pesto Alla Genovese,#558800,
Pesto di Pistacchio,#a7c437,
Pesto di Rucola,#748a35,
Pesto Rosso,#bb3333,
Petal of a Dying Rose,#9f0630,
Petal Pink,#f4e5e0,
Petite Pink,#eacacb,
Petrichor,#66cccc,
Petrified,#8b8680,
Petrified Purple,#9c87c1,
Petrol Slumber,#243640,
Phantom,#6e797b,
Phantom Ship,#2f3434,
Pharmaceutical Green,#087e34,
Phaser Beam,#ff4d00,
Pheasant,#c17c54,
Philodendron,#116356,
Phoenix Red,#e2725b,
Phosphor Green,#00aa00,
Pi,#314159,
Piano Black,#17171a,
Picante,#a04933,
Piccadilly Purple,#51588e,
Pickled,#b3a74b,
Pickled Pineapple,#eeff33,
Pickled Radish,#ee1144,
Pie Crust,#f1d99f,
Piercing Pink,#dd00ee,
Piercing Red,#dd1122,
Pig Pink,#fdd7e4,
Pigeon,#a9afaa,
Piggy,#ef98aa,
Piggy Bank,#ffccbb,
Piglet,#ffc0c6,
Pika Yellow,#eee92d,
Pilsener,#f8f753,
Piment Piquant,#cc2200,
Pimento,#dc5d47,
Pimm’s,#c3585c,
Pina Colada,#f4deb3,
Pinball,#d3d3d3,
Pinch Me,#c88ca4,
Pine,#2b5d34,
Pine Needle,#334d41,
Pine Scented Lagoon,#066f6c,
Pineapple,#563c0d,
Pineapple Perfume,#eeee88,
Pineapple Sorbet,#f7f4da,
Pineapple Whip,#ead988,
Pink,#ffc0cb,
Pink Bliss,#e3abce,
Pink Blush,#f4acb6,
Pink Champagne,#e8dfed,
Pink Elephants,#ff99ee,
Pink Fit,#f5a8b2,
Pink Flamingo,#ff66ff,
Pink Floyd,#eb9a9d,
Pink Glitter,#fddfda,
Pink Horror,#90305d,
Pink Ink,#ff1476,
Pink Lemonade,#ffeaeb,
Pink Macaroon,#eaacc6,
Pink Marshmallow,#f4b6d1,
Pink Mist,#e6bccd,
Pink Orchid,#da70d6,
Pink Palazzo,#df9f8f,
Pink Panther,#ff0090,
Pink Party,#ff55ee,
Pink Pepper,#ef586c,
Pink Pleasure,#ffdfe5,
Pink Poison,#ff007e,
Pink Prestige,#ee99aa,
Pink Pride,#ef1de7,
Pink Punk,#d983bd,
Pink Supremecy,#ffd9e6,
Pink Swirl,#fceae6,
Pinkalicious,#ff99ff,
Pinkling,#eb84f5,
Pinkman,#dd11ff,
Pinky,#fc86aa,
Pinky Pickle,#b96d8e,
Pinky Swear,#eeaaee,
Pinot Noir,#605258,
Pirate Gold,#ba782a,
Pirate Treasure,#ddca69,
Pirate’s Hook,#b08f42,
Pisco Sour,#beeb71,
Pistachio,#93c572,
Pistachio Shell,#cfc5af,
Pita,#f5e7d2,
Pitch Black,#483c41,
Pitch-Black Forests,#003322,
Pixel Bleeding,#bb0022,
Pizza,#bf8d3c,
Pizza Flame,#cd2217,
Placebo,#e7e7e7,
Placebo Yellow,#fcfbeb,
Planet Earth,#daddc3,
Planet of the Apes,#883333,
Plantation,#3e594c,
Plaster,#eaeaea,
Plastic Carrot,#f65d20,
Plastic Clouds,#f5f0f1,
Plastic Lips,#aa2266,
Plastic Veggie,#22ff22,
Platinum,#e5e4e2,
Platinum Blonde,#f0e8d7,
Pleasant Pomegranate,#cc3300,
Pleasant Purple,#8833aa,
Pleasing Pink,#f5cdd2,
Pleasure,#80385c,
Plein Air,#b9c4d2,
Plum,#66386a,
Plum Cheese,#670728,
Plum Highness,#885577,
Plum Kingdom,#aa3377,
Plum Perfect,#aa1155,
Plumbeous,#5c7287,
Plummy,#675a75,
Plunge,#035568,
Plunge Pool,#00ffcc,
Plushy Pink,#eab7a8,
Plutonium,#35fa00,
Poached Egg,#f5d893,
Poblano,#077f1b,
Poison Ivy,#00ad43,
Poison Purple,#7f01fe,
Poison Purple Paradise,#b300ff,
Poisonous,#55ff11,
Poisonous Dart,#77ff66,
Poisonous Pesto,#cae80a,
Poisonous Pistachio,#88ee11,
Poisonous Potion,#99dd33,
Polar,#e5f2e7,
Polar Bear,#eae9e0,
Polar Bear In A Blizzard,#fcffff,
Polar Expedition,#c9e7e3,
Polar Opposite,#c2d6ec,
Polar Wind,#b4dfed,
Polenta,#efc47f,
Polished Apple,#862a2e,
Polished Bronze,#cd7f32,
Polished Copper,#b66325,
Polished Gold,#eeaa55,
Polished Limestone,#dcd5c8,
Polished Pearl,#f8edd3,
Polished Silver,#c5d1da,
Pollen,#eeeeaa,
Pollination,#eedd66,
Polly,#ffcaa4,
Pomegranate,#c35550,
Pomelo Red,#e38fac,
Pomodoro,#c30232,
Pompeian Red,#a82a38,
Pompelmo,#ff6666,
Pony,#c6aa81,
Poodle Skirt,#ffaebb,
Pool Table,#039578,
Pool Water,#2188ff,
Pop That Gum,#f771b3,
Popcorn,#f7d07a,
Poppy,#c23c47,
Poppy Flower,#ec5800,
Poppy Pompadour,#6b3fa0,
Poppy Red,#dd3845,
Porcelain,#dddcdb,
Porcelain Mint,#dbe7e1,
Porcelain Skin,#ffe7eb,
Porcini,#d9ae86,
Pork Belly,#f8e0e7,
Poseidon,#143c5d,
Poseidon Jr.,#66eeee,
Possessed Purple,#881166,
Possessed Red,#c2264d,
Pot of Gold,#f6cd23,
Potato Chip,#fddc57,
Powder Blush,#d8948b,
Powder Puff,#ffeff3,
Powder Room,#eee0dd,
Powdered,#f9f2e7,
Prairie,#0b9d6a,
Prairie Land,#e2cc9c,
Prairie Winds,#e8e6d9,
Praise the Sun,#f3f4d9,
Precious,#f1dab2,
Precious Copper,#885522,
Precious Persimmon,#ff7744,
Precious Pumpkin,#e16233,
Prehistoric Pink,#c3738d,
Preppy Rose,#d1668f,
Pressing my Luck,#00cc11,
Pretty in Pink,#fabfe4,
Pretty in Prune,#6b295a,
Pretty Pastry,#dfcdb2,
Pretty Twilight Night,#254770,
Prickly Pink,#f42c93,
Prickly Purple,#a264ba,
Primal Green,#11875d,
Primal Rage,#f4301c,
Primavera,#6fa77a,
Primrose,#d6859f,
Prince Charming,#cc2277,
Princess Peach,#f878f8,
Prism Pink,#f0a1bf,
Prismarine,#117777,
Pristine Oceanic,#00ccbb,
Pristine Seas,#007799,
Professor Plum,#393540,
Prom Corsage,#e7c3e7,
Prom Queen,#9b1dcd,
Promenade,#f8f6df,
Prometheus Orange,#f4581e,
Promiscuous Pink,#bb11ee,
Prophet Violet,#6f58a6,
Prosciutto,#e0b4a4,
Prosecco,#fad6a5,
Protoss,#e0c778,
Prune,#701c11,
Prunella,#864788,
Psychedelic Purple,#dd00ff,
Pucker Up,#ff1177,
Puff of Pink,#ffcbee,
Puffy Cloud,#d2def2,
Puffy Pillow,#e8e5de,
Pulp,#e18289,
Puma,#96711c,
Pumping Spice,#f7504a,
Pumpkin,#ff7518,
Pumpkin Cat,#eb7b07,
Pumpkin Pie,#e99e56,
Punch,#dc4333,
Punk Rock Purple,#bb11aa,
Pure Blue,#0203e2,
Pure Passion,#b40039,
Pure Pleasure,#f51360,
Pure Sunshine,#ffee15,
Purple,#800080,
Purple Climax,#8800ff,
Purple Emperor,#6633bb,
Purple Excellency,#943589,
Purple Haze,#807396,
Purple Heart,#69359c,
Purple Illusion,#b8b8f8,
Purple Ink,#9a2ca0,
Purple Noir,#322c56,
Purple Passion,#784674,
Purple Pirate,#bb00aa,
Purple Pizzazz,#fe4eda,
Purple Pleasures,#81459e,
Purple Poodle,#dab4cc,
Purple Pristine,#7733aa,
Purple Prose,#543254,
Purple Protégé,#593569,
Purple Rain,#7442c8,
Purple Sultan,#853682,
Purple Velour,#581a57,
Purple Void,#442244,
Purple Zergling,#a15589,
Purple’s Baby Sister,#eec3ee,
Put on Ice,#c8ddea,
Pyramid,#9f7d4f,
Quack Quack,#ffe989,
Queen Blue,#436b95,
Queen of Gardens,#bbdd55,
Queen of Hearts,#98333a,
Queen of Trees,#1c401f,
Queer Blue,#88ace0,
Quiche Lorraine,#fed56f,
Quick-Freeze,#bddbe1,
Quicksand,#ac9884,
Quicksilver,#a6a6a6,
Quiet Abyss,#160435,
Quiet Harbour,#5a789a,
Quill Grey,#cbc9c0,
Quince,#d4cb60,
Race the Sun,#eef3d0,
Racing Red,#c21727,
Radiant Foliage,#659c35,
Radiant Hulk,#10f144,
Radiant Raspberry,#e31b5d,
Radiant Sunrise,#eebe1b,
Radical Red,#ff355e,
Radioactive,#89fe05,
Radish,#a42e41,
Radishical,#ec4872,
Rage,#ff1133,
Raging Raisin,#aa3333,
Rainforest,#009a70,
Rainy Mood,#4499aa,
Rajah,#fbab60,
Rampant Rhubarb,#603231,
Rampart,#bcb7b1,
Ranch House,#7b645a,
Rapeseed,#c19a13,
Rapture’s Light,#f6f3e7,
Rapunzel Silver,#d2d2d4,
Rare Blue,#0044ff,
Rare Red,#dd1133,
Raspberry,#b00149,
Raspberry Mousse,#e06f8b,
Raspberry Romantic,#972b51,
Raven,#0b0b0b,
Raven’s Coat,#030205,
Ravenclaw,#0a0555,
Ravioli al Limone,#fade79,
Razzle Dazzle,#ba417b,
Re-Entry Red,#cd0317,
Reading Tea Leaves,#7d5d5e,
Realm of the Underworld,#114411,
Rebellion Red,#cc0404,
Red,#ff0000,
Red Alert,#ff0f0f,
Red Arremer,#e44e4d,
Red Baron,#bb0011,
Red Carpet,#bc2026,
Red Cent,#ad654c,
Red Devil,#860111,
Red Elegance,#85464b,
Red Flag,#ff2244,
Red Herring,#dd1144,
Red Hot Chili Pepper,#db1d27,
Red Inferno,#bb1e1e,
Red Mana,#f95554,
Red Menace,#aa2121,
Red My Mind,#994341,
Red Octopus,#773243,
Red Panda,#c34b1b,
Red Pegasus,#dd0000,
Red Radish,#ee3344,
Red Reign,#800707,
Red Republic,#d70200,
Red Ribbon,#ed0a3f,
Red Riding Hood,#fe2713,
Red Robin,#7d4138,
Red Stop,#ff2222,
Red Tape,#cc1133,
Red Wrath of Zeus,#e0180c,
Redolency,#ea8a7a,
Redstone,#e46b71,
Redsurrection,#d90b0b,
RedЯum,#ff2200,
Reign of Tomatoes,#f7250b,
Reptile Revenge,#5e582b,
Resplendent Growth,#3d8b37,
Restful Rain,#f1f2dd,
Retro Nectarine,#ef7d16,
Retro Pink Pop,#ff0073,
Retro Vibe,#cb9711,
Rich Gold,#aa8833,
Ridgeback,#ef985c,
Ripasso,#94312f,
Ripe Malinka,#f5576c,
Rising Star,#f7f6d5,
Riverbed,#86bebe,
Roasted,#785246,
Roasted Pepper,#890a01,
Roastery,#692302,
Robotic Gods,#94a2b1,
Rock Lobster,#f00b52,
Rock’n’Rose,#fc8aaa,
Roland-Garros,#bb5522,
Romanic Scene,#3b0346,
Romantic Embers,#b23e4f,
Romantic Thriller,#a2101b,
Romantic Vampire,#991166,
Romesco,#f48101,
Rooftop Garden,#9ead92,
Root Beer,#81544a,
Rosé,#f7746b,
Rose Ashes,#b5acab,
Rose Elegance,#e9a1b8,
Rose Haze,#ecc5c0,
Rose Laffy Taffy,#a6465b,
Roseate Spoonbill,#e0adc4,
Rosecco,#eebbdd,
Rosemarried,#819b4f,
Rosemary,#405e5c,
Roses are Red,#aa3646,
Roses in the Snow,#e7aecd,
Rosetti,#cf929a,
Rosewood,#65000b,
Rosewood Dreams,#ebbeb5,
Rosy Brown,#bc8f8f,
Rouge,#ab1239,
Rough Asphalt,#bdbebf,
Royal,#0c1793,
Royal Blush,#f26e54,
Royal Decree,#403547,
Royal Flush,#a0365f,
Royal Goblet,#d4ca8e,
Royal Lavender,#7851a9,
Royal Milk Tea,#f7cfb4,
Royal Neptune,#1c3b42,
Royal Night,#2b3191,
Royal Plum,#654161,
Royal Purpleness,#881177,
Royal Robe,#614a7b,
Royal Star,#fede4f,
Royalty,#5930a9,
Rubber Ducky,#facf58,
Ruby,#ca0147,
Ruby Fire,#f20769,
Ruby Queen,#b0063d,
Rubylicious,#db1459,
Ruined Smores,#0f1012,
Ruins of Civilization,#cadece,
Ruins of Metal,#9b8b84,
Rum,#716675,
Rum Swizzle,#f1edd4,
Run Lola Run,#da2811,
Rural Green,#8d844d,
Rural Red,#bb1144,
Rust,#a83c09,
Rustic Rouge,#9d2626,
Rustling Leaves,#ad6961,
Rusty Heart,#a04039,
Rusty Red,#af2f0d,
Ruthless Empress,#573894,
Sablé,#f6d8be,
Sable Cloaked,#c4a7a1,
Sacred Scarlet,#950c1b,
Sacrifice Altar,#850101,
Sacro Bosco,#229911,
Saddle Up,#ab927a,
Safety Orange,#ff6600,
Safflower,#fdae44,
Saffron,#f4c430,
Saffron Desires,#c24359,
Saffronaut,#932a25,
Sage,#87ae73,
Sage Sensation,#b2e191,
Sail into the Horizon,#a3bbdc,
Sail On,#4575ad,
Sail to the Sea,#99c3f0,
Sailor,#445780,
Sailor Boy,#aebbd0,
Sailor Moon,#ffee00,
Sakura,#dfb1b6,
Sakura Night,#7b6c7c,
Salametti,#e25e31,
Salami,#820000,
Salmon,#ff796c,
Salmon Flush,#f1c9cc,
Salmon Glow,#ebb9af,
Salmon Nigiri,#f9906f,
Salmon Poké Bowl,#ee7777,
Salmon Sashimi,#ff7e79,
Salsa Picante,#ab250b,
Salsa Verde,#cec754,
Salt,#efede6,
Salt Caramel,#d3934d,
Salt Mountain,#d7fefe,
Salt n Pepa,#dcd9db,
Salted,#ebeadc,
Salted Capers,#a69151,
Salted Caramel Popcorn,#fdb251,
Saltwater Denim,#145c78,
Salty Ice,#cce2f3,
Salvia,#a8b59e,
Samba,#aa262b,
Sand,#e2ca76,
Sand Dune,#e3d2c0,
Sand Ripples,#c1b7b0,
Sandstorm,#ecd540,
Sandworm,#fce883,
Sanguinary,#f01a4d,
Sanguine,#6c110e,
Sapling,#a3c05a,
Sappanwood,#9e3d3f,
Sapphire Glitter,#0033cc,
Sapphire Siren,#662288,
Sapphire Splendour,#2425b9,
Sassy Lime,#dfe289,
Sassy Salmon,#ee7c54,
Satin Chocolate,#773344,
Satin Cream White,#fdf3d5,
Satin Deep Black,#1c1e21,
Satin Lime,#33ee00,
Saturn,#fae5bf,
Sauerkraut,#eee0b9,
Sauna Steam,#edebe1,
Savannah Grass,#babc72,
Savory Salmon,#d19c97,
Savoy Blue,#4b61d1,
Scampi,#6f63a0,
Scandinavian Liquorice,#1a1110,
Scarlet,#ff2400,
Scarlet Blaze,#b21f1f,
Scarlet Glow,#cb0103,
Scarlet Splendour,#cc0c1b,
Scented Spring,#eed5ee,
Schiaparelli Pink,#e84998,
School Bus,#ffd800,
Scoville Highness,#900405,
Screamin’ Green,#66ff66,
Sea,#3c9992,
Sea Creature,#00586d,
Sea Foam,#87e0cf,
Sea Foam Mist,#cbdce2,
Sea Glass Teal,#a0e5d9,
Sea Goddess,#216987,
Sea Lion,#7f8793,
Sea of Galilee,#466590,
Sea of Stars,#0b334d,
Sea Paint,#00507a,
Sea Salt Rivers,#5087bd,
Sea Serpent,#4bc7cf,
Sea Serpent’s Tears,#5511cc,
Seaborn,#85c2b2,
Seafarer,#204d68,
Seafoam Slate,#a6bcbe,
Seafoam Splashes,#b0efce,
Seafoam Whisper,#a1bdbf,
Seashell,#fff5ee,
Seaside,#66a4b0,
Seaweed,#18d17b,
Secret Affair,#c41661,
Secret Blush,#e1d2d5,
Secret Garden,#11aa66,
Secret of Mana,#4166f5,
Secret Passage,#372a05,
Secret Path,#737054,
Secret Scarlet,#7a0e0e,
Seedling,#c0cba1,
Self-Love,#d22b6d,
Semolina,#c7ab8b,
Serene,#dce3e4,
Serene Sea,#78a7c3,
Sereni Teal,#76baa8,
Serenity’s Reign,#507bce,
Serial Kisses,#dd3744,
Serious Cloud,#7d848b,
Serpent Scepter,#bbcc00,
Serrano Pepper,#556600,
Sesame,#baa38b,
Sesame Seed,#e1d9b8,
Seven Seas,#4a5c6a,
Shades of Ruby,#9c0009,
Shadow of Night,#2a4f61,
Shadow of the Colossus,#a3a2a1,
Shadow Purple,#4e334e,
Shadows,#6b6d6a,
Shady Character,#4c4b4c,
Shallow Sea,#9ab8c2,
Shallow Water,#8af1fe,
Shamrock,#009e60,
Shark,#cadcde,
Shattered Ice,#daeee6,
Shaving Cream,#e1e5e5,
She Loves Pink,#e39b96,
Sheaf,#d2ae84,
Sheikh White,#efecee,
Shiitake,#a5988a,
Shimmering Blue,#82dbcc,
Shimmering Love,#ff88cc,
Shin Godzilla,#9a373f,
Shiny Trumpet,#ecae58,
Shipmate,#7aa3cc,
Shipwreck,#968772,
Shipyard,#4f6f85,
Shivering Green,#24dd7e,
Shocking Crimson,#ff0d04,
Shocking Orange,#ff6e1c,
Shocking Pink,#fe02a2,
Shōji,#ded5c7,
Shortbread,#f5e6d3,
Shrimp,#e29a86,
Shrimp Cocktail,#f4a461,
Shrimp Toast,#f7c5a0,
Shrine of Pleasures,#cc3388,
Shuriken,#333344,
Shy Champagne Blush,#dea392,
Shy Young Salmon,#dfb8bc,
Sienna,#a9561e,
Signal Green,#33ff00,
Silence,#eaede5,
Silent Film,#9fa5a5,
Silent Night,#526771,
Silent Sea,#3a4a63,
Silk Dessou,#eee9dc,
Silk for the Gods,#ecddc9,
Silk Lining,#fcefe0,
Silk Satin,#8b4248,
Silk Star,#f5eec6,
Silken Chocolate,#b77d5f,
Silken Gold,#fce17c,
Silken Jade,#11a39e,
Silken Pebble,#d0d0c9,
Silken Ruby,#e81320,
Silkworm,#eeeecc,
Silky Green,#bdc2bb,
Silky Mint,#d7ecd9,
Silky White,#efebe2,
Silver,#c0c0c0,
Silver Birch,#d2cfc4,
Silver Bird,#fbf5f0,
Silver Fern,#e1ddbf,
Silver Fox,#bdbcc4,
Silver Lake,#dedddd,
Silver Lining,#b8b1a5,
Silver Mistral,#b4b9b9,
Silver Phoenix,#ebecf5,
Silver Surfer,#7e7d88,
Silver-Tongued,#cdc7c7,
Silverback,#cbcbcb,
Silverfish,#8d95aa,
Silverplate,#c2c0ba,
Simply Purple,#715bb1,
Single Origin,#713e39,
Sinister,#12110e,
Sinsemilla,#b6bd4a,
Sip of Mint,#dedfc9,
Siren,#69293b,
Siren Scarlet,#b21d1d,
Sizzling Watermelon,#fa005c,
Skeleton,#ebdecc,
Sky,#76d6ff,
Sky Dancer,#4499ff,
Sky Dive,#60bfd3,
Sky Fall,#89c6df,
Sky High,#a7c2eb,
Skydiver,#83acd3,
Skyscraper,#d3dbe2,
Skyvory,#dcd7cd,
Sleepless Blue,#badbed,
Sleepy Hollows,#839c6d,
Slice of Heaven,#0022ee,
Slightly in Love,#fce6db,
Slime Girl,#00bb88,
Slipper Satin,#bfc1cb,
Slippery Salmon,#f87e63,
Slippery Soap,#efedd8,
Slumber,#2d517c,
Sly Fox,#804741,
Smalt,#003399,
Smashing Pumpkins,#ff5522,
Smell of Garlic,#d9ddcb,
Smell the Mint,#bef7cf,
Smidgen of Love,#f0ccd9,
Smiley Face,#ffc962,
Smoke and Mirrors,#d9e6e8,
Smoke Dragon,#ccbbaa,
Smoked Black Coffee,#3b2f2f,
Smoked Oyster,#d9d2cd,
Smoked Salmon,#fa8072,
Smokescreen,#5e5755,
Smoking Mirror,#a29587,
Smoky Charcoal,#34282c,
Smoky Studio,#7e8590,
Smooch Rouge,#d13d4b,
Smooth Pebbles,#cabab1,
Smouldering Red,#ca3434,
Snake Fruit,#db2217,
Snakes in the Grass,#889717,
Snarky Mint,#9ae37d,
Sneaky Devil,#840014,
Sneaky Sesame,#896a46,
Snow,#fffafa,
Snow White,#eeffee,
Snowflake,#eff0f0,
Snowman,#fefafb,
Snowy Mint,#d6f0cd,
Snowy Summit,#c5d8e9,
So Sour,#00ff11,
Soaked in Sun,#f7d163,
Soba,#d1b49f,
Socialist,#921a1c,
Soda Pop,#c3c67e,
Soft Blush,#e3bcbc,
Soft Boiled,#ffb737,
Soft Butter,#f4e1b6,
Soft Cashmere,#efb6d8,
Soft Pillow,#fff5e7,
Soft Pumpkin,#dc8e31,
Solar,#fbeab8,
Solar Ash,#cc6622,
Solar Flare,#e67c41,
Solar Power,#f4b435,
Solar Storm,#ffc16c,
Sombrero,#b39c8c,
Somewhere in a Fairytale,#cc99dd,
Soothing Sapphire,#307dd3,
Sooty,#141414,
Sorreno Lemon,#f1d058,
Soufflé,#edd1a8,
Soulless,#1b150d,
Sour,#e5edb5,
Sour Apple Candy,#aaee22,
Sour Apple Rings,#33bb00,
Sour Cherry,#e24736,
Sour Green,#c1e613,
Sour Lemon,#ffeea5,
Sour Yellow,#eeff04,
Sovereign Red,#ce243f,
Soviet Gold,#ffd900,
Soy Milk,#d5d2c7,
Spa,#ceece7,
Space Battle Blue,#440099,
Space Colonization,#150f5b,
Space Dust,#002299,
Space Exploration,#001199,
Space Missions,#324471,
Space Opera,#5511dd,
Spaghetti Monster,#eecc88,
Sparkling Champagne,#efcf98,
Sparkling Cider,#fffdeb,
Sparkling Cosmo,#f9736e,
Sparkling Snow,#f5fefd,
Sparky Blue,#22eeff,
Spätzle Yellow,#ffee88,
Spearmint,#64bfa4,
Spectacular Purple,#bb02fe,
Spectacular Saffron,#edd924,
Spectacular Scarlet,#f72305,
Sphinx,#a99593,
Spice Market,#b84823,
Spiced,#bb715b,
Spiced Up Orange,#e67a37,
Spicy Berry,#cc3366,
Spicy Cinnamon,#a85624,
Spicy Paella,#f38f39,
Spicy Purple,#b9396e,
Spicy Sweetcorn,#f6ac00,
Spikey Red,#600000,
Splashdown,#d4e8d8,
Splashing Wave,#44ddff,
Splatter Movie,#d01a2c,
Spring Bud,#a7fc00,
Spring Forth,#11bb22,
Springtide Melodies,#9aa955,
Sprinkled With Pink,#e7a2ae,
Sprouted,#f3d48b,
Stainless Steel,#b4bdc7,
Star,#ffe500,
Star Dust,#f9f3dd,
Star of Life,#057bc1,
Stardust Evening,#b8bfdc,
Stargazing,#414549,
Starlet,#854e51,
Starlit Night,#3b476b,
Starry Night,#286492,
Starship Tonic,#cce7e8,
Starstruck,#4664a5,
Statuary,#9ea4a5,
Stay the Night,#314662,
Steam,#dddddd,
Steam Bath,#ccd0da,
Steam Engine,#b2b2ad,
Steampunk Gold,#c39c55,
Steamy Dumpling,#eae9b4,
Steel Mist,#c6ceda,
Steely Grey,#90979b,
Stellar,#46647e,
Stellar Strawberry,#ff5c8d,
Stereotypical Duck,#fff5cf,
Sterling,#d1d4d1,
Still Water,#4a5d5f,
Stone Cold,#555555,
Stone Fortress,#c5c0b0,
Stone Guardians,#caba97,
Stop,#c33a36,
Stoplight,#dd1111,
Storm,#000b44,
Storm Is Coming,#3d3d63,
Stormy,#b0bcc3,
Stormy Bay,#9aafaf,
Stormy Horizon,#777799,
Stormy Night,#372354,
Stormy Oceans,#70818e,
Stormy Passion,#c36666,
Stormy Sea,#6e8082,
Stormy Waters,#84a9b0,
Straw Gold,#fcf679,
Strawberry,#fb2943,
Strawberry Avalanche,#ef4f41,
Strawberry Blonde,#ffdadc,
Strawberry Bonbon,#ffebfa,
Strawberry Buttercream,#f8b3ff,
Strawberry Dreams,#ff88aa,
Strawberry Field,#fa8383,
Strawberry Frappé,#ffa2aa,
Strawberry Memory,#e2958d,
Strawberry Milk,#ffd9e7,
Strawberry Milkshake,#d47186,
Strawberry Moon,#cf5570,
Strawberry Ripple,#f7cdce,
Strawberry Risotto,#eec6bf,
Stroopwafel,#a86f48,
Sub-Zero,#57a1ce,
Submerged,#4a7d82,
Subnautical,#012253,
Subterrain Kingdom,#4f4e4a,
Subtle Breeze,#b5d2d8,
Succubus,#990022,
Succulent,#8ba477,
Succulent Lime,#dcdd65,
Succulents,#007744,
Such a Peach,#fbddaf,
Sugar Chic,#ffccff,
Sugar Coated,#ffedf1,
Sugar Cookie,#f2e2a4,
Sugar Glaze,#fff0e1,
Sugar High,#efc9ec,
Sugar Milk,#fff9f5,
Sugar Mint,#c0e2c5,
Sugar Quill,#ebe5d7,
Sugar Rush,#d85da1,
Sugarwinkle,#fdc5e3,
Sulfur Pit,#e5cc69,
Sulfuric,#eeed56,
Sulphur,#cab012,
Sultan Gold,#f6ac17,
Sultan of Pink,#e89bc7,
Summer Crush,#f2d6da,
Summer Glow,#eeaa44,
Summer Mist,#cbeaee,
Summer of ’82,#74cdd8,
Summer’s End,#dc9367,
Summit,#8bb6b8,
Sumptuous Purple,#604c81,
Sun Flooded Woods,#d0d418,
Sun Kissed Coral,#ea6777,
Sun-Kissed Sands,#ffedbc,
Sunbathed,#f5dd98,
Sunbathed Beach,#fad28f,
Sunbathing Beauty,#7e4730,
Sunbeam,#f5edb2,
Sunburst,#f5b57b,
Sunflower,#ffc512,
Sunflower Island,#ffcd01,
Sunflower Mango,#ffb700,
Sunflower Valley,#fdbd27,
Sunken Gold,#b29700,
Sunken Harbor,#1c3d44,
Sunkissed Beach,#deab9b,
Sunlight,#ebcd95,
Sunny Glory,#e8d99c,
Sunny Honey,#f8f0d8,
Sunny Yellow,#fff917,
Sunray,#e3ab57,
Sunset Blaze,#e95e2a,
Sunset Gold,#f6c362,
Sunset Orange,#fd5e53,
Sunshine Mellow,#f5c20b,
Sunshone Plum,#886688,
Super Banana,#fffe71,
Super Pink,#ce6ba6,
Super Rare Jade,#14bab4,
Super Rose Red,#cb1028,
Super Saiyan,#ffdd00,
Super Silver,#eeeeee,
Supremely Cool,#afbed4,
Surgical,#59a4c1,
Swamp Monster,#005511,
Swan Dive,#e5e4dd,
Swan Lake,#c5e5e2,
Sweet and Sassy,#e1c9d1,
Sweet Butter,#fffcd7,
Sweet Chilli,#f5160b,
Sweet Corn,#f9e176,
Sweet Desire,#aa33ee,
Sweet Lilac,#e8b5ce,
Sweet Lucid Dreams,#ccbbdd,
Sweet Mint Pesto,#bbee99,
Sweet Perfume,#d49ab9,
Sweet Potato,#d87c3b,
Sweet Venom,#b6ff1a,
Sweetly,#ffe5ef,
Swimmer,#0a91bf,
Swimming,#c2e5e5,
Tabasco,#a02712,
Taco,#f3c7b3,
Tadorna Teal,#7ad7ad,
Tahini Brown,#9b856b,
Tamahagane,#3b3f40,
Tamed Beast,#9c2626,
Tamed Beauty,#cfbccf,
Tandoori,#bb5c4d,
Tangent Periwinkle,#50507f,
Tangerine Tango,#ff9e4b,
Tangled Web,#b2b2b2,
Tardis Blue,#003b6f,
Tartan Red,#b1282a,
Tatami,#deccaf,
Taupe,#b9a281,
Tea Green,#d0f0c0,
Teak,#ab8953,
Teakwood,#8d7e6d,
Teal,#008080,
Teal Me No Lies,#0daca7,
Teal With It,#01697a,
Teardrop,#d1eaea,
Techno Taupe,#bfb9aa,
Technolust,#ff80f9,
Telemagenta,#aa22cc,
Tempest,#79839b,
Templar’s Gold,#f2e688,
Temptatious Tangerine,#ff7733,
Tender Shoot,#e8eace,
Tender Taupe,#c4b198,
Tennis Ball,#dfff4f,
Terrestrial,#276757,
Testosterose,#ddaaff,
Thai Chili,#ce0001,
Thai Hot,#fe1c06,
Thalassa,#53b1ba,
Thalassophile,#44aadd,
The Count’s Black,#102030,
The Devil’s Grass,#666420,
The End,#2a2a2a,
The Grape War of 97’,#bb00ff,
The Legend of Green,#558844,
The Vast of Night,#110066,
Think Pink,#e5a5c1,
Thor’s Thunder,#44ccff,
Threatening Red,#c30305,
Thrilling Lime,#8cc34b,
Thunder & Lightning,#f9f5db,
Thunderbird,#923830,
Thunderbolt,#fdefad,
Thundercloud,#698589,
Thyme and Place,#6f8770,
Tiger,#be9c67,
Tiger King,#dd9922,
Tiger Lily,#e1583f,
Tiger of Mysore,#ff8855,
Timeless Beauty,#b6273e,
Tin,#919191,
Titian Red,#bd5620,
Toad,#748d70,
Toad King,#3d6c54,
Toadstool,#b8282f,
Toast and Butter,#d2ad84,
Toasted Marshmallow Fluff,#fff9eb,
Toasted Paprika,#a34631,
Tobacco,#684f3c,
Tobacco Leaf,#8c724f,
Toes in the Sand,#f8dcbf,
Toffee,#755139,
Tofu,#e6e5d6,
Tomato,#ef4026,
Tomato Baby,#e10d18,
Tomato Bisque,#d15915,
Tomato Burst,#d6201a,
Tomato Queen,#dd4422,
Tonkatsu,#edac36,
Too Big to Whale,#9596a4,
Too Blue to be True,#0088ff,
Too Dark Tonight,#0011bb,
Topiary Green,#667700,
Torchlight,#ffc985,
Toreador,#cd123f,
Torrefacto Roast,#4e241e,
Tortilla,#efdba7,
Tostada,#e3c19c,
Tosty Crust,#a67e4b,
Total Eclipse,#303543,
Totally Broccoli,#909853,
Touch of Glamor,#dd8844,
Toupe,#c7ac7d,
Toxic Boyfriend,#ccff11,
Toxic Frog,#98fb98,
Toxic Latte,#e1f8e7,
Toxic Sludge,#00bb33,
Toxic Steam,#c1fdc9,
Track and Field,#d66352,
Tractor Beam,#00bffe,
Tradewind,#b7c5c6,
Traffic Green,#55ff22,
Traffic Red,#ff1c1c,
Traffic Yellow,#fedc39,
Trail Dust,#d0c4ac,
Tranquili Teal,#6c9da9,
Transcendence,#f8f4d8,
Transfusion,#ea1833,
Translucent Unicorn,#ffedef,
Trapped Darkness,#0e1d32,
Treasure,#e7d082,
Treasure Chest,#726854,
Treasure Map,#d0bb9d,
Treasure Map Waters,#658faa,
Treasured Teal,#52c1b3,
Treasures,#ba8b36,
Treasury,#dbd186,
Tree Hugger,#79774a,
Tree of Life,#595d45,
Treetop,#91b6ac,
Treetop Cathedral,#2f4a15,
Trippy Velvet,#cc00ee,
Tropical Dream,#d9eae5,
Tropical Escape,#4dbbaf,
Tropical Fog,#cbcab6,
Tropical Forest,#024a43,
Tropical Freeze,#99ddcc,
Tropical Funk,#55dd00,
Tropical Mist,#cae8e8,
Tropical Rain,#447777,
Tropical Rainforest,#00755e,
Tropical Turquoise,#04cdff,
Trout,#4c5356,
Trout Caviar,#f75300,
True Blue,#010fcc,
Truffle Trouble,#a35139,
Trumpet Gold,#e9b413,
Tulip,#ff878d,
Tuna,#46494e,
Tunic Green,#00cc00,
Turf,#415b36,
Turf Master,#009922,
Turkish Jade,#2b888d,
Turquoise,#06c2ac,
Turquoise Fantasies,#6dafa7,
Turquoise Pearl,#89f5e3,
Turquoise Tortoise,#457b74,
Turtle,#523f31,
Turtle Warrior,#35b76d,
Tuscan,#fbd5a6,
Tuscan Sun,#ffd84d,
Tussie-Mussie,#edc5d7,
Tutu,#f8e4e3,
Tuxedo,#3f3c43,
Twilight,#4e518b,
Twilight Express,#1c3378,
Twilight Meadow,#51a5a4,
Twilight Zone,#191916,
Twinkle Night,#636ca8,
Twinkle Pink,#fbd8cc,
Twinkly Pinkily,#cf4796,
Two Peas in a Pod,#a5ca4f,
Ultimate Grey,#a9a8a9,
Ultra Green,#7eba4d,
Ultra Mint,#a3efb8,
Ultra Moss,#d1f358,
Ultraberry,#770088,
Umbra,#211e1f,
Under the Sea,#395d68,
Underclover,#428c49,
Underground,#665a51,
Underpass Shrine,#cc4422,
Underwater Moonlight,#4488aa,
Underwater World,#657f7a,
Underworld,#1e231c,
Unicorn Dust,#ff2f92,
Urban Chic,#424c4a,
Urban Snowfall,#dbd8da,
Va Va Voom,#e3b34c,
Valentine Lava,#ba0728,
Valentine’s Kiss,#b63364,
Valkyrie,#eecc22,
Valley of Tears,#d1e1e4,
Vampire Bite,#c40233,
Vampire Fangs,#cc2255,
Vampire Fiction,#9b0f11,
Vampire Hunter,#610507,
Vampire Love Story,#dd0077,
Vampire Red,#dd4132,
Vampire State Building,#cc1100,
Vampirella,#9b2848,
Vampiric Bloodlust,#cc0066,
Van Dyke Brown,#664228,
Vanilla,#f3e5ab,
Vanilla Blush,#fcede4,
Vanilla Cake,#fcf0ca,
Vanilla Cream,#f8e3ab,
Vanilla Drop,#ffffeb,
Vanilla Ice,#fdf2d1,
Vanilla Sugar,#f1e8dc,
Vanishing Point,#ddeedd,
Vapor,#f0ffff,
Vapor Trail,#f5eedf,
Vaporwave,#ff66ee,
Vaporwave Blue,#22ddff,
Varnished Ivory,#e6dccc,
Vegas Gold,#c5b358,
Vegetarian,#22aa00,
Vegetation,#5ccd97,
Veiled Rose,#f7cdc8,
Veiled Treasure,#f6edb6,
Veiling Waterfalls,#d4eaff,
Velvet,#750851,
Velvet Black,#241f20,
Velvet Cosmos,#441144,
Velvet Magic,#bb1155,
Velvet Scarf,#e3dfec,
Velvet Volcano,#ab0102,
Velvet Vortex,#540d6e,
Velvet Wine,#9a435d,
Venom Dart,#01ff01,
Venomous Green,#66ff22,
Venus,#eed053,
Venus Mist,#5f606e,
Venus Slipper Orchid,#df73ff,
Venus Violet,#7a6dc0,
Veranda Gold,#af9968,
Verdant Forest,#28615d,
Verdant Haven,#84a97c,
Verdant Hush,#4e5a4a,
Verdant Leaf,#817c4a,
Verde,#7fb383,
Verdigris,#43b3ae,
Vermicelles,#dabe82,
Vermilion,#f4320c,
Vermilion Scarlet,#d1062b,
Verminal,#55cc11,
Vertigo Cherry,#990055,
Very Berry,#bb3381,
Very Coffee,#664411,
Vibrant Amber,#d1902e,
Vibrant Blue,#0339f8,
Vibrant Honey,#ffbd31,
Vibrant Mint,#00ffe5,
Vibrant Orange,#ff6216,
Vibrant Purple,#ad03de,
Vibrant Velvet,#bb0088,
Vibrant Vine,#4b373a,
Vibrant Yellow,#ffda29,
Vice City,#ee00dd,
Vicious Violet,#8f509d,
Victorian Crown,#c38b36,
Victorian Garden,#558e4c,
Vienna Roast,#330022,
Viking,#4db1c8,
Viking Diva,#cabae0,
Vin Cuit,#b47463,
Vinaceous,#f59994,
Vinaceous Cinnamon,#f48b8b,
Vinaceous Tawny,#c74300,
Vinaigrette,#efdaae,
Vineyard,#819e84,
Vintage,#847592,
Vintage Copper,#9d5f46,
Vintage Porcelain,#f2edec,
Viola,#966ebd,
Violaceous,#bf8fc4,
Violent Violet,#7f00ff,
Violet,#9a0eea,
Violet Heaven,#cdb7fa,
Violet Kiss,#f0a0d1,
Violet Pink,#fb5ffc,
Violet Poison,#8601bf,
Violet Vapor,#e5dae1,
Violet Velvet,#b19cd9,
Violet Vision,#b7bdd1,
Violet Vixen,#883377,
Violet Vogue,#e9e1e8,
Virgin Olive Oil,#e2dcab,
Viridian,#1e9167,
Virtual Boy,#fe0215,
Virtual Golf,#c1ee13,
Vitality,#8f9b5b,
Vitamin C,#ff9900,
Vivid Blue,#152eff,
Vivid Orange,#ff5f00,
Vivid Raspberry,#ff006c,
Vivid Violet,#9f00ff,
Void,#050d25,
Voila!,#af8ba8,
Volcanic Ash,#6f7678,
Volcanic Island,#605244,
Volcanic Rock,#6b6965,
Voldemort,#2d135f,
Volt,#ceff00,
Voluptuous Violet,#7711dd,
Voodoo,#443240,
Voracious White,#feeeed,
Vulcan,#36383c,
Vulcan Fire,#e6390d,
Vulcanized,#424443,
Waffle Cone,#e2c779,
Waikiki,#218ba0,
Wakame Green,#00656e,
Walk in the Park,#88bb11,
Walkie Chalkie,#faf5fa,
Walking on Sunshine,#fcfc9d,
Walkway,#a3999c,
Walled Garden,#11cc44,
Walnut,#773f1a,
Walnut Milkies,#fff0cf,
Walrus,#999b9b,
War Paint Red,#dc571d,
Warlord,#ba0033,
Warm Ash,#cfc9c7,
Warm Blue,#4b57db,
Warm Brown,#964e02,
Warm Light,#fff9d8,
Warm Neutral,#c1b19d,
Warm Oats,#d8cfba,
Warm Pink,#fb5581,
Warm Purple,#952e8f,
Warm Spring,#4286bc,
Warm Welcome,#ea9073,
Warm White,#efebd8,
Warming Heart,#d44b3b,
Warp Drive,#eaf2f1,
Warrior,#7d685b,
Warrior Queen,#a32d48,
Wasabi,#afd77f,
Wasabi Nori,#333300,
Washed Canvas,#f3f0da,
Washed Dollar,#e1e3d7,
Wasteland,#9c8855,
Water,#d4f1f9,
Water Leaf,#b6ecde,
Water Lily,#dde3d5,
Water Nymph,#81d0df,
Water Park,#54af9c,
Waterfall,#3ab0a2,
Watermelon,#fd4659,
Watermelon Gelato,#c0686e,
Watermelon Milk,#dfcfca,
Watermelon Mousse,#fbe0e8,
Watermelon Sugar,#e42b73,
Watermelonade,#eb4652,
Waterworld,#00718a,
Wave,#a5ced5,
Wave Splash,#cbe4e7,
Wavelet,#7dc4cd,
Wavy Navy,#006597,
Wax,#ddbb33,
Wax Flower,#eeb39e,
Waxy Corn,#f8b500,
Way Beyond the Blue,#1188cc,
We Peep,#fdd7d8,
Weathered Leather,#90614a,
Weathered Stone,#c4c5c6,
Weathered Wood,#b19c86,
Wedding Dress,#fefee7,
Wedding in White,#fffee5,
Weissbier,#b3833b,
Wet Asphalt,#989cab,
Wet Concrete,#353838,
Wet Taupe,#907e6c,
Whale,#7c8181,
Whale Shark,#607c8e,
Whale’s Tale,#115a82,
What We Do in the Shadows,#441122,
Wheat,#fbdd7e,
Wheat Sheaf,#dfd4c4,
Where There Is Smoke,#c7ccce,
Whipped Cream,#f2f0e7,
Whirlpool,#a5d8cd,
Whiskers,#f6f1e2,
Whiskey,#d29062,
Whiskey and Wine,#49463f,
Whiskey Sour,#d4915d,
Whisky,#c2877b,
Whisky Barrel,#96745b,
Whisky Cola,#772233,
Whisky Sour,#eeaa33,
Whisper of Smoke,#cbcecf,
Whisper of White,#eadbca,
Whisper White,#eae2d3,
Whispering Frost,#d7e5d8,
Whispering Smoke,#d8d8d4,
Whispering Willow,#919c81,
Whispery Breeze,#d6e9e6,
White,#ffffff,
White Asparagus,#eceabe,
White Beach,#f5efe5,
White Bullet,#dfdfda,
White Chalk,#f6f4f1,
White Chocolate,#f0e3c7,
White Christmas,#f4e8e8,
White Elephant,#dedee5,
White Frost,#dee6ec,
White Glove,#f0efed,
White Mecca,#ecf3e1,
White Pearl,#ede1d1,
White Porcelain,#f8fbf8,
White Russian,#f0e0dc,
White Sand,#f5ebd8,
White Smoke,#f5f5f5,
White Strawberry,#fde3b5,
White Truffle,#efdbcd,
White Warm Wool,#efe6d1,
Wicked Green,#9bca47,
Wicked Witch,#5b984f,
Widowmaker,#99aaff,
Wild Berry,#7e3a3c,
Wild Chocolate,#665134,
Wild Forest,#38914a,
Wild Horses,#8d6747,
Wild Violet,#63209b,
Wild West,#7e5c52,
Wild Wheat,#e0e1d1,
Wilderness,#8f886c,
Wildfire,#ff8833,
Willow Leaf,#a1a46d,
Wind Blown,#dde3e7,
Wind Chime,#dfe0e2,
Wind Chimes,#cac5c2,
Windfall,#84a7ce,
Windjammer,#62a5df,
Windows 95 Desktop,#018281,
Windsor Toffee,#ccb490,
Windstorm,#6d98c4,
Windsurfing,#3a7099,
Windy,#bdd1d2,
Windy Meadow,#b0a676,
Wine & Roses,#a33540,
Wine Barrel,#aa5522,
Wine Cellar,#70403d,
Wine Grape,#941751,
Wine Stain,#69444f,
Wine Tasting,#492a34,
Wine Tour,#653b66,
Wineberry,#663366,
Wing Commander,#0065ac,
Winter Duvet,#ffffe0,
Winter Lakes,#5c97cf,
Winter Scene,#becedb,
Winter Storm,#4b7079,
Winter Wizard,#a0e6ff,
Wintermint,#94d2bf,
Wishing Well,#d0d1c1,
Wisteria,#a87dc2,
Wisteria Blue,#84a2d4,
Witch Brew,#888738,
Witch Hazel,#fbf073,
Witchcraft,#474c50,
Wizard,#4d5b88,
Wizard’s Brew,#a090b8,
Wolf Pack,#78776f,
Wolfram,#b5b6b7,
Wonder Wine,#635d63,
Wondrous Wisteria,#a3b1f2,
Wood Bark,#302621,
Woodgrain,#996633,
Woodhaven,#9e7b6c,
Woodland Grass,#004400,
Woodland Night,#475c5d,
Woodland Soul,#127a49,
Woodland Wonder,#0d6323,
Worcestershire Sauce,#572b26,
Worn Silver,#c9c0bb,
Wrapped in Twilight,#5f6d6e,
Wreath,#76856a,
Wu-Tang Gold,#f8d106,
X Marks the Spot,#e6474a,
Xanthic,#f4e216,
Xmas Candy,#990020,
Xoxo,#f08497,
Yacht Club,#566062,
Yakitori,#ecab3f,
Yang Mist,#ede8dd,
Yearning Desire,#ca135e,
Yell for Yellow,#fffe00,
Yell Yellow,#ffffbf,
Yellow,#ffff00,
Yellow Buzzing,#eedd11,
Yellow Chalk,#f5f9ad,
Yellow Mana,#fdfcbf,
Yellow Mellow,#f0d31e,
Yellow Submarine,#ffff14,
Yellowish,#faee66,
Yeti Footprint,#c7d7e0,
Yippie Ya Yellow,#f9f59f,
Yoghurt Brûlée,#f5e9ce,
York Pink,#d7837f,
York Plum,#d3bfe5,
Yorkshire Cloud,#bac3cc,
Yoshi,#55aa00,
Young Apricot,#fcd8b5,
Young Crab,#f6a09d,
Young Night,#232323,
Young Salmon,#ffb6b4,
Your Darkness,#220044,
Your Majesty,#61496e,
Your Shadow,#787e93,
Yours Truly,#fbd9cd,
Yucca,#75978f,
Yuma Gold,#ffd678,
Yuzu Marmalade,#ffd766,
Yuzukoshō,#d4de49,
Zen,#cfd9de,
Zen Garden,#d1dac0,
Zen Garden Olive,#445533,
Zenith,#497a9f,
Zeus’s Bolt,#eeff00,
Zinc,#92898a,
Zodiac Constellation,#ee8844,
Zombie,#6a755a,
Zoodles,#b8bf71,
Zucchini,#17462e,
Zucchini Noodles,#c8d07f,
Zunda Green,#6bc026,